Company,File,Outlook Position,Page,Context
A 2 Z AUTO WHEELS PRIVATE LIMITED,pr-A2Z-AutoWheels-7feb24.pdf,stable,1.0,Informerics Valuation and Rating Private Limited (IVR) has assigned the rating for long-term  rating at IVR BB+ with stable outlook for the bank loan facilities of A2Z Auto Wheels Private 
A K SHIVHARE INFRASTRUCTURE PRIVATE LIMITED,pr-AKShivhare-28mar24.pdf,stable,7.0,Assigned/  Outlook  Cash Credit  -  -  -  26.00 *  IVR BBB; Stable 
A-1 FACILITY AND PROPERTY MANAGERS PRIVATE LIMITED,pr-A1Facility-24apr24.pdf,stable,1.0,(IVR Triple B with  Stable outlook) 
A1 AGRI GLOBAL LIMITED,pr-Agri-Global-27dec23.pdf,stable,1.0,IVR BBB /  Stable Outlook 
AARRYAVEER OIL INDUSTRIES PRIVATE LIMITED,pr-aarryaveer-oil-industries-25jul23.pdf,Outlook Position is not detected,,
AARTI SPONGE AND POWER LIMITED,pr-AartiSponge-5apr24.pdf,negative,1.0,Stable  Outlook)  IVR BBB- /Negative; 
AASTHA SPINTEX PRIVATE LIMITED,pr-Aastha-Spintex-8may24.pdf,negative,1.0,(IVR Double B Minus with  Negative Outlook;  
ACC INDIA PRIVATE LIMITED,pr-ACC-India-21dec23.pdf,stable,6.0,Assigned/  Outlook  Long Term Fund- Based – Cash Credit  --  --  Revolving  17.00  IVR BBB/Stable 
ACCURATE INDUSTRIAL CONTROLS PRIVATE LIMITED,PR-AICPL-29mar2024.pdf,negative,1.0,(IVR Triple B minus With  Negative Outlook) 
ACME COMMODITIES PRIVATE LIMITED,pr-Acme-Commodities-22may24.pdf,stable,1.0,Negative  Outlook; Issuer  Not  Cooperating*]  IVR BB/Stable; 
ADISHAKTI SMELTERS PRIVATE LIMITED,pr-Adishakti-Smelters-30apr24.pdf,stable,1.0,(IVR Double B   With Stable Outlook) 
ADVANCE INFRASTRUCTURES PRIVATE LIMITED,pr-Advance-Infrastructure-23feb24.pdf,stable,1.0,(IVR triple B with  Stable outlook) 
ADWALPALKAR CONSTRUCTIONS AND RESORTS PRIVATE LIMITED,pr-Adwalpalkar-Construction-21mar24.pdf,stable,1.0,(IVR Double B with  Stable Outlook) 
AEQUS PRIVATE LIMITED,pr-Aequs-20may24.pdf,negative,3.0,Negative  Outlook;  ISSUER NOT  CO- OPERATING  IVR BBB- /  Negative  
AGRASEN ISPAT PRIVATE LIMITED,pr-Agrasen-Ispat-8jan24.pdf,stable,7.0,Assigned/  Outlook  Cash Credit  -  -  -  29.50  IVR BBB-; Stable 
AGRAWAL DISTILLERIES PRIVATE LIMITED,pr-Agrawal-Distilleries-09oct23.pdf,stable,1.0,Minus with Stable  Outlook)  Reaffirmed  Simple  Long Term  Bank  Facilities  4.00  IVR BBB-/ Stable 
AGRAWAL INFRABUILD PRIVATE LIMITED,pr-Agrawal-Infrabuild-20sep23.pdf,stable,1.0,(IVR triple B plus  with Stable outlook) 
AGRIFLO FOODS PRIVATE LIMITED,pr-Agriflo-Foods-3apr24.pdf,stable,1.0,(IVR Double B Plus  with Stable outlook) 
AGRIGO TRADING PRIVATE LIMITED,pr-Agrigo-Trading-19sep23.pdf,stable,1.0,Triple B with Stable  Outlook)   Reaffirmed  Simple  Long Term  Fund based  facility- Term  Loan  3.26  IVR BBB/Stable (IVR 
AJAYDEEP INFRACON PRIVATE LIMITED,pr-Ajaydeep-Infracon-27apr24.pdf,stable,1.0,with Stable  outlook)  Rating upgraded  and outlook  revised to stable 
AJEET SEEDS PRIVATE LIMITED,pr-Ajeet-Seeds-12oct23.pdf,negative,1.0,(IVR A with Negative  Outlook)  Reaffirmed  Simple  Long term fund  based bank  facilities – Term  Loan  140.00  IVR A/ Negative  
AKAR AUTO INDUSTRIES LIMITED,pr-Akar-AutoIndustries-4dec23.pdf,stable,8.0,Rating Assigned/  Outlook  Term Loan 1  -  -  FY26  3.66  IVR BBB-/ Stable 
AKSHAT PAPERS LIMITED,pr-Akshat-Papers-8apr24.pdf,stable,1.0,(IVR Triple B Minus  with Stable Outlook)  
AL NOOR AGRI FRESH PRIVATE LIMITED,pr-Al-noor-5oct23.pdf,negative,4.0,Rating Assigned/  Outlook  Long Term fund- based facilities –  Term Loan  --  --  April  2023  20.73  IVR B+/Negative; 
ALKA CHEMI-PACK PRIVATE LIMITED,pr-AlkaChemi-Pack-7nov23.pdf,negative,1.0,"(IVR Double B Minus with  Negative Outlook, ISSUER "
ALL SERVICES GLOBAL PRIVATE LIMITED,PR-ASGPL-28062023.pdf,stable,1.0,(IVR Triple B with  Stable Outlook) 
ALLIED ENGINEERING WORKS PRIVATE LIMITED,pr-Allied-EngineeringWorks-16feb24.pdf,negative,1.0,with Positive  outlook)  IVR  BB+/Negative/INC 
ALOK BUILDTECH PRIVATE LIMITED,pr-Alok-Buildtech-mar24.pdf,negative,1.0,(IVR Double B minus  with Negative Outlook  
AMBANI ORGANICS LIMITED,pr-Ambani-Organics-24apr24.pdf,stable,1.0,Plus with Stable  Outlook)  Reaffirmed  Simple  Long Term Bank  Facilities – Term  Loan  18.00  IVR BB+/ Stable 
AMBASHAKTI INDUSTRIES LIMITED,pr-AmbaShakti-industries-1apr24.pdf,negative,1.0,(IVR Triple B Minus  with Negative outlook; 
AMBIENCE COMMERCIAL DEVELOPERS PRIVATE LIMITED,pr-Ambience-Commercial-3may24.pdf,stable,1.0,with Stable  Outlook)  IVR BB/Stable  
AMBIENCE FACILITIES MANAGEMENT PRIVATE LIMITED,Pr-AFMPL-01may24.pdf,stable,1.0,Stable  Outlook/Single A  three)  IVR BB+/Stable/ 
AMBIENCE HOTELS & RESORTS PRIVATE LIMITED,pr-Ambience-Hotels-8jan24.pdf,stable,1.0,Minus with  Stable Outlook) 
AMIR CHAND JAGDISH KUMAR (EXPORTS) LIMITED,pr-AmirChand-25may24.pdf,stable,1.0,with Stable  outlook)  IVR A-/ Stable 
AMIT BUILDWELL PRIVATE LIMITED,pr-Amit-Buildwell-2nov23.pdf,stable,1.0,IVR BB+ / Stable (IVR double  B plus with Stable Outlook) 
AMITASHA ENTERPRISES PRIVATE LIMITED,pr-amitasha-enterprises-1feb24.pdf,stable,7.0,Rating Assigned/  Outlook  Long Term Fund  Based Bank  Facilities – Cash  Credit  --  --  --  36.80  IVR BB+/Stable 
AMRIT PAPERS PRIVATE LIMITED,pr-amrit-papers-25jul23.pdf,stable,1.0,(IVR Triple B Minus  with Stable Outlook) 
AMRUT DISTILLERIES PRIVATE LIMITED,pr-Amrut-Distilleries-28mar24.pdf,stable,1.0,(IVR Single A Plus with  Stable Outlook)  
ANAMIKA SUGAR MILLS PRIVATE LIMITED,pr-Anamika-SugarMiils-13dec23.pdf,stable,1.0,with change  in Outlook  Simple  Total  72.50      Details of Facilities are in Annexure 1  Detailed Rationale  Infomerics Valuation and Rating Private Limited (IVR) has re-affirmed the long-term rating to IVR  BBB- and changed the outlook from rating watch with developing implication to stable outlook for 
ANANDA DAIRY LIMITED,pr-Ananda-Dairy-16may24.pdf,stable,1.0,B with Stable  Outlook)  IVR BBB/Stable 
ANANDA PROTEIN LIMITED,pr-Ananda-Protein-19dec23.pdf,stable,1.0,Minus with Stable  Outlook/IVR A  four)  IVR BB-/Stable/ 
ANANT RAJ LIMITED,pr-anant-raj-18aug23.pdf,stable,1.0,with Positive  Outlook)  IVR BBB-/Stable 
ANG LIFESCIENCES INDIA LIMITED,pr-ANG-Lifesciences-21feb24.pdf,negative,1.0,Minus; with  Negative Outlook / 
ANITHA TEXCOT (INDIA) PRIVATE LIMITED,pr-Anitha-Texcot-15apr24.pdf,stable,1.0,(IVR Triple B minus with  Stable outlook)  
ANKUR CHEMFOOD LIMITED,pr-Ankur-Chemfood-20mar24.pdf,stable,1.0,(IVR Triple B Minus  with Stable outlook) 
ANNAPOORANI TEXTILES PRIVATE LIMITED,pr-Annapoorani-Textiles-18sep23.pdf,stable,1.0,IVR BBB/Stable  Outlook  (IVR Triple B with  Stable Outlook) 
ANNU PROJECTS PRIVATE LIMITED,pr-Annu-Projects-14dec23.pdf,stable,1.0,(IVR Triple B Minus with  stable Outlook) 
APEX TARMAC PRIVATE LIMITED,pr-apex-tarmac-11jul23.pdf,stable,1.0,Minus with Stable  outlook)  IVR BBB-/ Stable 
APRN ENTERPRISES PRIVATE LIMITED,PR-APRN-12032024.pdf,stable,1.0,Negative  Outlook: ISSUER  NOT  COOPERATING’  IVR BBB-  / Stable 
ARETE CAPITAL SERVICE PRIVATE LIMITED,pr-Arete-CapitalService-19jan24.pdf,stable,6.0,Assigned/  Outlook  Fund Based Bank  Facilities –  Overdraft  -  -  -  30.00  IVR BBB+/ Stable 
ARETE SECURITIES LIMITED,pr-Arete-Securities-29mar24.pdf,stable,1.0,(IVR Triple B Plus  with Stable Outlook) 
ARHAM WEALTH MANAGEMENT PRIVATE LIMITED,pr-Arham-Wealth-29dec23.pdf,stable,1.0,(IVR Triple B with Stable  outlook)  Reaffirmed  Simple  Fund Based -Long  Term Bank Facilities-  Proposed Facilities  22.00  (reduced from  Rs.37.00 crore)  IVR BBB; Stable  
ARISINFRA SOLUTIONS PRIVATE LIMITED,pr-Arisinfra-Solutions-8may24.pdf,stable,1.0,minus With  Stable Outlook) 
ARJAN IMPEX PRIVATE LIMITED,pr-Arjan-Impex-29nov23.pdf,negative,2.0,noted as IVR BB/Negative/IVR A4: ISSUER NOT COOPERATING; based on best available  information (IVR BB Plus with negative outlook; A Four; ISSUER NOT COOPERATING; based 
ARUNNACHALA IMPEX PRIVATE LIMITED,pr-Arunnachala-Impex-10apr24.pdf,stable,1.0,IVR BBB- / Stable  Outlook  (IVR Triple B minus  with Stable Outlook) 
ARYA TANKERS PRIVATE LIMITED,pr-Arya-Tankers-1feb24.pdf,stable,8.0,Assigned/  Outlook  Term loan  -  -  2029  81.90  IVR  BBB+/Stable 
ASANDAS AND SONS PRIVATE LIMITED,Pr-Asandas-Sons-10june24.pdf,stable,1.0,IVR BBB+/  Stable Outlook  
ASCENT E DIGIT SOLUTIONS PRIVATE LIMITED,pr-Ascent-EDigitSolutions-21feb24.pdf,negative,1.0,with Stable  outlook)  IVR BB+/  Negative; 
ASIAN FAB TEC LIMITED,Pr-AFTL-01may24.pdf,stable,1.0,"Minus with Stable  Outlook)  Rating upgraded,  Outlook  revised  to  Stable "
ASIAN SEALING PRODUCTS PRIVATE LIMITED,pr-Asian-SealingProducts-30apr24.pdf,stable,1.0,with Negative  Outlook; ISSUER  NOT  COOPERATING*)  Downgraded from IVR  BB-/ Stable (IVR 
ASIATIC COLOUR-CHEM INDUSTRIES PRIVATE LIMITED,pr-Asiatic-Colour-7may24.pdf,negative,2.0,56.21 crore to the ‘ISSUER NOT COOPERATING’ category. The rating is now denoted as  IVR BB/Negative Outlook; ISSUER NOT COOPERATING for the long-term bank facilities and 
ASM INDUSTRIES (INDIA) PRIVATE LIMITED,pr-asm-industries-11jul23.pdf,stable,1.0,IVR BB/Stable  Outlook   (IVR Double B with  Stable Outlook) 
ASSET HOMES PRIVATE LIMITED,pr-Asset-Homes-19mar2024.pdf,stable,1.0,(IVR Triple B Minus  with Stable Outlook) 
AURUM JEWELS LIMITED,pr-Aurum-Jewels-17may24.pdf,stable,1.0,minus with Stable  Outlook)  Assigned  Simple  Proposed Long  Term Fund  Based Facilities –  Cash Credit   75.00  IVR BBB-/ Stable  
AUTOLITE (INDIA) LIMITED,pr-Autolite-india-25sep23.pdf,negative,1.0,Single B with Negative  Outlook; ISSUER  NOT  COOPERATING)  Downgraded  with Negative 
AVG LOGISTICS LIMITED,pr-AVG-Logistics-8jan2024.pdf,stable,1.0,IVR BBB- /Stable  Outlook (Pronounced as  IVR Triple B Minus  with Stable Outlook) 
AVI ANSH ENTERPRISES PRIVATE LIMITED,pr-AviAnsh-Enterprises-10aug23.pdf,stable,1.0,(IVR Double B with  Stable Outlook) 
AVON TUBETECH PRIVATE LIMITED,pr-Avon-Tubetech-18mar24.pdf,negative,1.0,Double B Plus with  Negative Outlook; 
AYOKI FABRICON PRIVATE LIMITED,PR-Ayoki-22april24.pdf.pdf,stable,1.0,with Negative  Outlook; Issuer Not  Cooperating)  IVR BBB/  Stable 
AYYAPPA INFRA PROJECTS PRIVATE LIMITED (UNDER PART IX),pr-Ayyappa-InfraProjects-30may24.pdf,stable,1.0,(IVR Triple B Plus with  Stable outlook) 
BABULAL EDIBLE OILS PRIVATE LIMITED,pr-Babulal-EdibleOils-29nov23.pdf,negative,5.0,"Assigned/  Outlook  Cash Credit  -  -  -  35.00  IVR BB; Negative, "
BALAJI DAYALPURA INFRA PRIVATE LIMITED,pr-Balaji-Dayalpura-24nov23.pdf,stable,7.0,Rating Assigned/  Outlook  Long Term Bank  Facilities – Term  Loan   -  -  FY28  2.94    IVR BBB-; Stable 
BALIRAJA SAKHAR KARKHANA LIMITED,pr-Baliraja-Sakhar-6may24.pdf,stable,5.0,BB/stable  Outlook  Downgraded  IVR BB+ /  Stable 
BAMBINO AGRO INDUSTRIES LIMITED,pr-Bambino-27feb24.pdf,Outlook Position is not detected,,
BANSAL SPINNING MILLS PRIVATE LIMITED,pr-Bansal-SpinningMills-13may24.pdf,stable,1.0,with Stable  Outlook)  IVR BBB/  Stable  
BCL INDUSTRIES LIMITED,pr-BCL-Industries-8aug23.pdf,stable,1.0,(IVR Single A Plus  with Stable Outlook) 
BEDMUTHA INDUSTRIES LIMITED,pr-bedmutha-industries-18aug23.pdf,stable,1.0,IVR BBB-/Stable  Outlook  [IVR Triple B Minus  with Stable Outlook] 
BELGAUM SUGARS PRIVATE LIMITED,pr-Belgaum-Sugars-29mar24.pdf,positive,1.0,Positive  Outlook)  IVR  BB+/Positive 
BETA WIND FARM PRIVATE LIMITED,pr-Beta-WindFarm-20dec23.pdf,negative,1.0,(IVR Double B Minus with  Negative Outlook; Issuer 
BHAGYALAXMI ROLLING MILL PRIVATE LIMITED,PR-BhagyalaxmiRolling-12032024.pdf,stable,1.0, (IVR Single A Minus  with Stable Outlook) 
BHAIRAVNATH SUGAR WORKS LIMITED,pr-Bhairavnath-SugarWorks-5jun24.pdf,stable,1.0,(IVR Double B Plus  with Stable outlook) 
BHAKTI EXTRACTIONS PRIVATE LIMITED,pr-Bhakti-Extractions-23aug23.pdf,stable,1.0,(IVR B Minus with  Stable Outlook) 
BHARAT INDUSTRIAL ENTERPRISES PRIVATE LIMITED,pr-Bharat-Industrial-4jun24.pdf,stable,1.0,Plus  with  Stable outlook) 
BHARAT INSULATION COMPANY (INDIA) PRIVATE LIMITED,pr-Bharat-Insulation-20nov23.pdf,stable,1.0,(IVR Double B Plus  with Stable Outlook) 
BHARAT REALTY VENTURE PRIVATE LIMITED,pr-Bharat-Realty-2feb24.pdf,stable,1.0,Rs.185.34 crore)  IVR BBB/ Stable Outlook 
BHATIA ENERGY AND MINERALS PRIVATE LIMITED,pr-Bhatia-Energy-4apr24.pdf,stable,1.0,(IVR Triple B with  Stable Outlook) 
BHAVANI SHIPPING SERVICES (INDIA) PRIVATE LIMITED,pr-Bhavani-Shipping-29nov23.pdf,negative,2.0,Infomerics and the rating be noted as IVR BB-/Negative/IVR A4: ISSUER NOT  COOPERATING; based on best available information (IVR BB Minus with negative outlook; A 
BHIMJI VELJI SORATHIA CONSTRUCTION PRIVATE LIMITED,pr-BhimjiVelji-Sorathia-11jan24.pdf,stable,1.0,IVR BBB- / Stable  Outlook  (IVR Triple B  Minus with Stable 
BHOORATHNOM CONSTRUCTION COMPANY PRIVATE LIMITED,PR-Bhoorathnom-14mar2024.pdf,stable,1.0,(IVR Triple B with  Stable outlook) 
BIG BOY TOYZ LIMITED,pr-BigBoy-Toyz-11oct23.pdf,stable,1.0,(IVR Triple B Minus  With Stable Outlook) 
BIJA AGRIFRESH PRIVATE LIMITED,pr-Bija-Agrifresh-4apr24.pdf,stable,1.0,Minus with Stable  Outlook)  Reaffirmed  Simple  Long term Bank  Facilities – Cash  Credit  45.40  IVR BBB- / Stable  
BILT GRAPHIC PAPER PRODUCTS LIMITED,pr-BILT-GraphicPaper-5apr24.pdf,stable,1.0,(IVR Triple B Minus  with Stable Outlook) 
BINDALS PAPERS MILLS LIMITED,pr-Bindals-PapersMills-1apr24.pdf,stable,1.0,(IVR A Minus with  Stable Outlook) 
BLISS GVS PHARMA LIMITED,pr-BGPL-7apr23.pdf,stable,1.0,(IVR Triple B with  Stable Outlook) 
BLUE OCEAN BEVERAGES PRIVATE LIMITED,pr-BlueOcean-Beverages-26mar24.pdf,stable,1.0,(IVR Double B Plus  with Stable Outlook) 
BOGMALLO ENTERPRISES PRIVATE LIMITED,pr-bogmallo-enterprises-25jul23.pdf,stable,1.0,(IVR Triple B minus  With Stable Outlook) 
BR STEEL & POWER PRIVATE LIMITED,pr-br-steel-power-14jul23.pdf,stable,1.0,Informerics Valuation and Rating Private Limited (IVR) has upgraded and removed the long- term rating from ISSUER NOT COOPERATING category to IVR BBB- with a Stable outlook 
BRIGHT PACKAGING PRIVATE LIMITED,pr-Bright-Packaging-28may24.pdf,negative,2.0,9.00 crore and moved it to ‘ISSUER NOT COOPERATING’ category. The rating is now  denoted as IVR BB+/ Negative Outlook; ISSUER NOT COOPERATING for the long-term bank 
BUTTAR BIOFUELS PRIVATE LIMITED,pr-Buttar-Biofuel-13oct23.pdf,stable,1.0,(IVR Triple B Minus with  stable Outlook) 
BVG INDIA LIMITED,pr-BVG-India-6feb24.pdf,stable,1.0,(IVR A Plus with Stable  Outlook)  Reaffirmed  Simple  Long Term / Short  Term  Bank  Facilities  462.38  IVR A+/ Stable / IVR A1+ 
BVISHAL OIL AND ENERGY LIMITED,pr-Bvishal-OilEnergy-28mar24.pdf,stable,1.0,Triple B Minus with  Stable Outlook) 
C B M INDUSTRIE PRIVATE LIMITED,pr-CBM-Industrie-21mar24.pdf,negative,1.0,"with Stable  outlook)  Assigned, and  upgraded from IVR BB- / Negative "
C B S PUBLISHERS AND DISTRIBUTORS PRIVATE LIMITED,pr-CBS-Publishers-13sep23.pdf,stable,1.0,IVR BB+/ Stable  Outlook [IVR Double B  Plus with Stable 
C P ARORA ENGINEERS CONTRACTORS PRIVATE LIMITED,pr-CPArora-28mar24.pdf,negative,1.0,with Stable  Outlook)    IVR BB+ (Negative)/ 
C. S. INFRACONSTRUCTION LIMITED,pr-CS-Infraconstruction-16jan24.pdf,stable,1.0,(IVR Triple B minus  with Stable outlook) 
CALIBER MERCANTILE PRIVATE LIMITED,pr-Caliber-Mercantile-30mar24.pdf,negative,1.0,(IVR Triple B with  Negative Outlook; 
CAPTAIN POLYPLAST LIMITED,pr-Captain-Polyplast-28mar24.pdf,stable,7.0,Assigned/  Outlook  WCTL/GECL  -  -  18.01.202 6  6.96  IVR BBB- /Stable  
CASTORGIRNAR INDUSTRIES PRIVATE LIMITED,pr-Castor-GirnarIndustries-may24.pdf,stable,1.0,(IVR Triple B with  Stable Outlook); 
CFM ASSET RECONSTRUCTION PRIVATE LIMITED,pr-CFM-Asset-29mar24.pdf,stable,1.0,Minus with  Stable outlook) 
CHADHA PAPERS LIMITED,pr-Chadha-Papers-10jan24.pdf,stable,1.0,[IVR Double B Plus  with Stable Outlook] 
CHAHAL SPINTEX PRIVATE LIMITED,PR-CSPL-05032024.pdf,stable,6.0,Rating Assigned/  Outlook  Cash Credit  -  -  -  30.00  IVR BB+/ Stable 
CHALLA INFRA PROJECTS PRIVATE LIMITED,pr-Challa-InfraProjects-25may23.pdf,stable,6.0,Assigned/  Outlook  Term Loan  -  -  Mar’29  6.93  IVR BB/ Stable 
CHANAKYA DAIRY PRODUCTS PRIVATE LIMITED,pr-chanakya-dairy-1sept23.pdf,stable,1.0,(IVR Triple B with  Stable outlook) 
CHANDAN STEEL LIMITED,PR-Chandan-Steel-7mar24.pdf,positive,1.0,with Positive  Outlook)  Rating Reaffirmed  and Outlook  revised to Positive 
CHANDANPANI PRIVATE LIMITED,pr-Chandanpani-10jan24.pdf,negative,2.0,noted as IVR B/Negative/ IVR A4; ISSUER NOT COOPERATING; based on best available  information (IVR B with Negative Outlook and IVR A Four; ISSUER NOT COOPERATING; 
CHANDRA HASNI ISPAT PRIVATE LIMITED,pr-chandrahasni-ispat-27sep23.pdf,stable,1.0,(IVR Triple B with  Stable outlook)   
CHANDRASHEKHAR EXPORTS PRIVATE LIMITED,pr-Chandrashekhar-Exports-12feb24.pdf,stable,1.0,(IVR Triple B minus  with Stable Outlook/ 
CHINAR FORGE LIMITED,pr-chinar-forge-7aug23.pdf,stable,1.0,(IVR triple B minus  with Stable outlook) 
CHINTPURNI STEEL PRIVATE LIMITED,pr-Chintpurni-Steel-27feb24.pdf,stable,1.0,with Negative  Outlook ISSUER  NOT  COOPERATING )  IVR BBB/ Stable 
CHIRIPAL INDUSTRIES LIMITED,pr-Chiripal-Industries-23jan24.pdf,stable,1.0,(IVR A Plus with  Stable Outlook) 
CIBI INTERNATIONAL PRIVATE LIMITED,pr-CIBI-International-27sep23.pdf,stable,1.0,(IVR triple B minus  with Stable outlook) 
CLAIR ENGINEERS PRIVATE LIMITED,pr-Clair-Engineers-16jan24.pdf,stable,1.0,IVR BBB- / Stable  Outlook   (IVR Triple B  Minus with Stable 
CLEARSYNTH LABS LIMITED,PR-Clearsynth-Labs-14mar2024.pdf,stable,1.0,(IVR Double B Plus  with Stable outlook) 
CLIFTON EXPORT PRIVATE LIMITED,pr-Clifton-Export-24jan24.pdf,stable,7.0,Assigned/  Outlook  Long Term Fund  Based – Term Loan  -  -  Upto  2028  12.02  IVR BBB-/ Stable 
CONCEPT CLOTHING PRIVATE LIMITED,pr-Concept-Clothing-1mar24.pdf,stable,1.0,Plus with Stable  Outlook)  IVR BB+/Stable 
CONCRETE UDYOG LIMITED,pr-concrete-udyog-1jun23.pdf,negative,1.0,Double B plus with  Negative outlook Issuer 
CORE ENERGY SYSTEMS LIMITED,pr-core-energysystems-20feb24.pdf,stable,1.0,(IVR Double B Plus  with Stable Outlook) 
CORE JEWELLERY PRIVATE LIMITED,pr-Core-Jewellery-20may24.pdf,stable,1.0,(IVR Double B Plus with  Stable Outlook and IVR A 
CREATIVE MINERALS (INDIA) PRIVATE LIMITED,pr-Creative-Minerals-28may2024.pdf,stable,1.0,(IVR Triple B with  Stable Outlook) 
CRIYAGEN AGRI & BIOTECH PRIVATE LIMITED,pr-criyagen-4mar24.pdf,stable,1.0,(IVR Triple B minus  with Stable outlook)   
CROPX OVERSEAS PRIVATE LIMITED,pr-ANS-Private-Limited-19jan24.pdf,stable,1.0, IVR BBB/Stable  Outlook ; IVR  A3+ (IVR Triple  B with Stable 
CYRIX HEALTHCARE PRIVATE LIMITED,pr-Cyrix-Healthcare-2feb24.pdf,negative,1.0,(IVR Double B with  Negative Outlook; 
DAIRY INDIA PRIVATE LIMITED,pr-Dairy-India-16may24.pdf,stable,1.0,B with Stable  Outlook)  IVR BBB/Stable 
DATA INGENIOUS GLOBAL LIMITED,pr-Data-IngeniousGlobal-29nov23.pdf,negative,5.0,"Assigned/  Outlook  Bank Guarantee  -  -  -  12.00  IVR BB; Negative, "
DAULAT RAM ENGINEERING SERVICES PRIVATE LIMITED,pr-DaulatRam-5dec23.pdf,stable,1.0,(IVR Single B Plus  with Stable Outlook) 
DAVINDER SANDHU IMPEX PRIVATE LIMITED,pr-Davinder-SandhuImpex-9apr24.pdf,stable,1.0,(IVR Double B Plus  with Stable Outlook) 
DC INFOTECH AND COMMUNICATION LIMITED,pr-DC-Infotech-31jan24.pdf,positive,1.0,(IVR Triple B Minus with  Positive Outlook) 
DCX SYSTEMS LIMITED,pr-DCX-Systems-19feb24.pdf,stable,1.0,(IVR Single A Minus  With Stable Outlook) 
DDN SFA LIMITED,pr-DDN-SFA-8may24.pdf,negative,1.0,IVR BB-/ Negative  Outlook; ISSUER  NOT  COOPERATING*  (IVR Double B  minus with  Negative Outlook; 
DEEP INDIA ENTERPRISES PRIVATE LIMITED,pr-DeepIndia-Enterprises-7may24.pdf,stable,1.0,(IVR double B plus with  stable outlook) 
DEFSYS SOLUTIONS PRIVATE LIMITED,pr-Defsys-Solutions-23may24.pdf,negative,1.0,(IVR Double B with  Negative Outlook 
DEL TRADE INTERNATIONAL PRIVATE LIMITED,pr-deltrade-1mar24.pdf,stable,1.0,[IVR Triple B with  Stable Outlook] 
DELTON CABLES LIMITED,pr-Delton-Cables-11oct23.pdf,stable,1.0,IVR BBB- with  Stable Outlook 
DEREWALA INDUSTRIES LIMITED,pr-derewala-industries-7jul23.pdf,stable,1.0,(IVR Triple B with  Stable Outlook) 
DHWAJA SHARES & SECURITIES PRIVATE LIMITED,pr-Dhwaja-Shares-22dec23.pdf,negative,1.0,with Negative  Outlook; IVR A Four  Plus; ISSUER NOT  COOPERATING*)  Revised and  migrated to  ISSUER NOT  COOPERATING  Category and  Outlook revised  to Negative 
DHWANI POLYPRINTS PRIVATE LIMITED,PR-DPPL-16JAN2024.pdf,stable,1.0,IVR BBB/ Stable Outlook [IVR Triple B with Stable Outlook]
DIAMOND FOOTCARE UDYOG PRIVATE LIMITED,pr-Diamond-FootcareUdyog-19feb24.pdf,positive,1.0,Infomerics Valuation and Rating Private Limited (IVR) has upgraded the long-term ratings with  outlook revised to Positive and also upgraded the short-term ratings for the bank facilities of 
DISHA INDUSTRIES PRIVATE LIMITED,pr-Disha-Industries-26apr24.pdf,negative,1.0,IVR BB+/  Negative Outlook; 
DMR BUILDERS PRIVATE LIMITED,pr-DMR-Builders-20mar24.pdf,stable,1.0,(IVR Triple B Minus  with Stable Outlook) 
DMSON'S METAL PRIVATE LIMITED,pr-DMSONS-Metals-23aug23.pdf,stable,1.0,(IVR Triple B with  Stable Outlook) 
DODHIA CHEM-TEX PRIVATE LIMITED,PR-Dodhia-Chem-22apr24.pdf,negative,1.0,IVR BB/ Negative  Outlook; ISSUER NOT  COOPERATING*  (IVR Double B with  Negative Outlook; 
DODHIA SYNTHETICS LIMITED,Pr-Dodhia-Synthetics-22apr24.pdf,negative,1.0,175.35  IVR BB/ Negative Outlook 
DR.KAMAKSHI MEMORIAL HOSPITAL PRIVATE LIMITED,pr-kamakshi-memorial-31jan24.pdf,stable,1.0,(IVR Triple B with  Stable outlook) 
DUGAR POLYMERS LIMITED,pr-Dugar-Polymers-3apr24.pdf,stable,1.0,Minus with  Stable Outlook) 
DYNAMIX CONTRACTORS & BUILDERS PRIVATE LIMITED,pr-Dynamix-Contractors-8jun23.pdf,stable,1.0,minus with  Stable outlook) 
E C R BUILDTECH PRIVATE LIMITED,pr-ECR-Buildtech-22aug23.pdf,stable,1.0,Informerics Valuation and Rating Private Limited (IVR) has assigned long-term rating of IVR  BBB with stable outlook  and short term rating of IVR A3+ for the bank loan facilities of ECR 
EASTERN INDIA BIOFUELS PRIVATE LIMITED,pr-EasternIndia-Biofuels-27feb24.pdf,stable,1.0,(IVR Triple B Minus  with Stable outlook) 
ECE INDUSTRIES LIMITED,pr-ECE-Industries-29mar24.pdf,stable,1.0,IVR BBB+ with  Stable Outlook (IVR 
ECENTRIC DIGITAL LIMITED,pr-ECentric-Digital-21jun23.pdf,stable,1.0,(IVR Double B Plus  with Stable Outlook) 
EKK INFRASTRUCTURE LIMITED,pr-EKK-Infrastructure-10oct23.pdf,stable,1.0,IVR BBB+/Stable  Outlook (IVR Triple B  Plus with Stable 
ELECTROFAB INNOVATIONS (INDIA) PRIVATE LIMITED,pr-Electrofab-23may23.pdf,stable,1.0,(IVR Double B Plus  with Stable outlook) 
ELGI RUBBER COMPANY LIMITED,pr-ELGI-RubberCompany-21feb24.pdf,negative,1.0,IVR BBB- with Negative  Outlook (IVR Triple B  Minus With negative 
ENERSHELL ALLOYS & STEEL PRIVATE LIMITED,pr-Enershell-AlloysSteel-6feb24.pdf,stable,1.0,Minus with Stable  Outlook)  IVR BBB-/Stable 
ENEXIO POWER COOLING SOLUTIONS INDIA PRIVATE LIMITED,pr-EnexioPower-30apr24.pdf,stable,1.0,(IVR Triple B Minus  with Stable Outlook)  
ESS ESS KAY ENGINEERING COMPANY PRIVATE LIMITED,pr-essess-kay-22feb24.pdf,stable,1.0,(IVR Triple B Minus  with Stable Outlook) 
EVERRENEW ENERGY PRIVATE LIMITED,pr-Everrenew-Energy-1apr24.pdf,stable,2.0,The resolution of Rating watch with developing implications and assignment of ‘Stable  Outlook’ reflects Infomerics believes that Everrenew’s credit profile is likely to remain stable 
FABLE FOOD PRODUCTS PRIVATE LIMITED,pr-fable-foodproducts-5jul23.pdf,stable,1.0,(IVR Triple B Minus with  Stable Outlook) 
FABRIMAX ENGINEERING PRIVATE LIMITED,pr-Fabrimax-Engineering-26feb24.pdf,positive,1.0,(IVR Triple B with  Positive Outlook) 
FABTECH ENGINEERING PRIVATE LIMITED,pr-Fabtech-Engineering-26feb24.pdf,positive,1.0,(IVR Triple B with  Positive Outlook) 
FARIDABAD STEEL MONGERS PRIVATE LIMITED,pr-Faridabad-SteelMongers-22jan24.pdf,stable,1.0,Triple B with  Stable Outlook] 
FARM INDIA IMPEX PRIVATE LIMITED,pr-Farm-India-15may24.pdf,negative,1.0,    26.00  IVR BB-/ Negative Outlook; 
FARMGATE AGRO MILCH PRIVATE LIMITED,pr-Farmgate-Agro-18jan24.pdf,stable,1.0,(IVR Triple B Plus with  Stable outlook) 
FLOWMORE LIMITED,pr-Flowmore-17oct23.pdf,stable,1.0,  The Stable outlook indicates a low likelihood of rating change in the medium term. IVR 
FORTPOINT AUTOMOTIVE (CARS) PRIVATE LIMITED (CN),pr-FortPoint-AutomotiveCars-8nov23.pdf,stable,1.0,IVR BBB-/ Stable  Outlook  [IVR Triple B Minus  with Stable Outlook] 
FORTPOINT AUTOMOTIVE MUMBAI PRIVATE LIMITED,pr-Fortpoint-Automotive-Mumbai-8may24.pdf,negative,1.0,IVR BB/ Negative  Outlook ISSUER NOT  COOPERATING  (IVR Double B with  Negative Outlook; 
FORTUNE RICE LIMITED,pr-Fortune-rice-29may24.pdf,negative,1.0,Stable  Outlook)  IVR BB+/  Negative; 
FPL AUTOMOBILES PRIVATE LIMITED,pr-FPL-Automobiles-17jan24.pdf,stable,5.0,Stable  outlook)  IVR BBB-/  Stable (IVR 
FUSION INDUSTRIES LIMITED,pr-Fusion-Industries-14jun23.pdf,negative,1.0,(IVR Double B with  Negative Outlook; 
G B R METALS PRIVATE LIMITED,pr-GBR-Metals-5dec23.pdf,stable,1.0,IVR BBB-/ Stable  Outlook  [IVR Triple B Minus  with Stable Outlook] 
G-ONE AGRO PRODUCTS LIMITED,pr-G-OneAgro-17may24.pdf,stable,1.0,crore)  IVR BBB+/Stable Outlook 
GAINUP INDUSTRIES INDIA PRIVATE LIMITED,pr-Gainup-Industries-18jan24.pdf,stable,1.0,Stable  Outlook  (IVR Triple B  with Stable 
GAINUP TECHNOTEK LIMITED,pr-Gainup-Technotek-22may23.pdf,stable,1.0,(IVR Double B Plus with  Stable Outlook) 
GAJKESARI STEELS AND ALLOYS PRIVATE LIMITED,pr-Gajkesari-Steel-11oct23.pdf,stable,1.0,with Stable  Outlook)  Reaffirmed   Simple  Long Term Fund Based  Bank Facilities – Cash  Credit  70.00  (Increased  from 45.00)  IVR BBB+/Stable  
GALAXY TRANSMISSIONS PRIVATE LIMITED,pr-Galaxy-Transmission-11jan24.pdf,stable,7.0,"Assigned/  Outlook  Long term fund-based  facility – GECL  -  -  December  28,2024  1.30  IVR BBB-/  Stable "
GANESH BENZOPLAST LIMITED,pr-Ganesh-Benzoplast-24apr24.pdf,Outlook Position is not detected,,
GANGA ROLLER FLOUR MILLS PRIVATE LIMITED,PR-Ganga-Roller-13032024.pdf,stable,1.0,Double B Plus with  Stable Outlook) 
GANGES INTERNATIONALE PRIVATE LIMITED,pr-Ganges-Internationale-30apr24.pdf,stable,1.0,Minus with  Stable Outlook] 
GARDEN COURT DISTILLERIES PRIVATE LIMITED,pr-GardenCourt-3may23.pdf,stable,1.0,(IVR Triple B with  Stable Outlook) 
GAUTAM SOLAR PRIVATE LIMITED,pr-Gautam-Solar-15may24.pdf,stable,1.0,(IVR Double B with  Stable outlook and 
GEMINI EQUIPMENT AND RENTALS PRIVATE LIMITED,pr-Gemini-Equipment-10jan24.pdf,negative,1.0,Negative   Outlook  [IVR Triple B  Minus  with Negative 
GHANARAM INFRAENGINEERS PRIVATE LIMITED,pr-Ghanram-Infraengineers-29mar24.pdf,stable,1.0,Infomerics Valuation and Rating Private Limited (IVR) has assigned long term rating of IVR  BBB- with a Stable outlook and short-term rating of IVR A3 for the bank loan facilities of 
GIRIRAJ EXIM PRIVATE LIMITED,pr-Giriraj-Exim-18mar24.pdf,stable,2.0,Assigned/  Outlook  Cash Credit  -  -  -  -  5.00  IVR BBB-/  Stable 
GIRRAJJI STONE CRUSHERS PRIVATE LIMITED,pr-GirrajJi-StoneCrushers-30apr24.pdf,stable,1.0,(IVR Triple B Plus with  Stable Outlook) 
GKR INFRACON (INDIA) PRIVATE LIMITED,pr-GKR-Infracon-22may24.pdf,negative,1.0,"(IVR Single B Plus  with Negative Outlook, "
GLOBAL ISPAAT PRIVATE LIMITED,pr-Global-Ispaat-12sep23.pdf,stable,1.0,(IVR Triple B with  Stable Outlook) 
GLOBE MOBILITY PRIVATE LIMITED,PR-Globe-Mobillity-15032024.pdf,stable,1.0,plus with Negative  Outlook ISSUER  NOT  COOPERATING  category)    IVR BBB-/ Stable 
GMR POWER AND URBAN INFRA LIMITED,pr-GMRPower-30may24.pdf,stable,1.0,(IVR Triple B Minus  with Stable Outlook) 
GMR VARALAKSHMI FOUNDATION,pr-GMR-Varalakshmi-2jan24.pdf,positive,1.0,IVR BB+/ Positive  Outlook  [IVR Double B Plus  with Positive Outlook] 
GOLKUNDA DIAMONDS AND JEWELLERY LIMITED,pr-Golkunda-Diamonds-12feb24.pdf,negative,1.0,  The Negative rating outlook assigned to the long-term rating considers the YoY decline in 
GTN ENTERPRISES LIMITED,pr-GTN-Enterprises-24may24.pdf,stable,1.0,(IVR Triple B Minus  with Stable Outlook) 
GUGAN KNITWEARS PRIVATE LIMITED,pr-Gugan-Knitwears-27sep23.pdf,stable,1.0,(IVR triple B minus  with Stable outlook) 
GULZAR MOTORS PRIVATE LIMITED,pr-Gulzar-Motors-29mar24.pdf,negative,1.0,Stable  Outlook)    IVR BB-/  Negative/INC 
GVR INFRACONSTRUCTIONS INDIA PRIVATE LIMITED,PR-GVR-Infraconstructions-13032024.pdf,stable,1.0,(IVR Triple B minus  with Stable outlook) 
H D WIRE PRIVATE LIMITED,pr-HD-Wire-24apr24.pdf,positive,1.0,(IVR Triple B with  Positive Outlook) 
H S MEHTA INFRA PRIVATE LIMITED,pr-HS-Mehta-5feb24.pdf,stable,1.0,with Stable  Outlook)  Assigned  Simple  Long Term Bank  Facilities –  Overdraft  50.00  IVR BB+/Stable 
HANSA TUBES PRIVATE LIMITED,pr-HansaTubes-5oct23.pdf,stable,1.0,with Negative  Outlook/ISSUER  NOT CO- OPERATING)  IVR BBB- /Stable 
HARDIK AGRITRADE PRIVATE LIMITED,pr-Hardik-Agritrade-13nov23.pdf,stable,1.0,[IVR Triple B Minus with  Stable Outlook] 
HARTEK POWER PRIVATE LIMITED,pr-Hartek-Power-22feb24.pdf,stable,1.0,(IVR Triple B Minus with  Stable Outlook) 
HASSAN ROAD CONSTRUCTION COMPANY PRIVATE LIMITED,pr-hassanroad-11jul23.pdf,negative,1.0,NOT COOPERATING /  Negative Outlook) 
HEAVY METAL AND TUBES (INDIA) PRIVATE LIMITED,pr-HeavyMetal-Tubes-11dec23.pdf,stable,1.0,Minus with  Stable Outlook) 
HEMEE INTERNATIONAL PRIVATE LIMITED,pr-hemee-28aug23.pdf,stable,1.0,IVR BBB-/   Stable Outlook 
HFCL LIMITED,pr-HFCL-Limited-6feb24.pdf,stable,1.0,(IVR A with stable  outlook)  Reaffirmed  Simple  Long Term Fund  Based Bank  Facilities – Cash  Credits  355.00    IVR A/ Stable 
HIND UNITRADE PRIVATE LIMITED,pr-Hind-Unitrade-13feb24.pdf,stable,1.0,Minus with  Stable Outlook) 
HINDUPUR STEEL & ALLOYS PRIVATE LIMITED,pr-Hindupur-Steel-Alloys-11jul23.pdf,stable,1.0,Single A Minus with  Stable Outlook) 
HINDUSTAN COILS LIMITED,pr-Hindustan-Coils-8jan24.pdf,negative,1.0,Minus with  Negative Outlook) 
HINDUSTAN EQUIPMENTS PRIVATE LIMITED,pr-Hindustan-Equipments-12sep23.pdf,stable,1.0,IVR BBB-/  Stable Outlook 
HINDUSTAN MINT AND AGRO PRODUCTS PRIVATE LIMITED,pr-HindustanMint-Agroproducts-22mar24.pdf,stable,1.0,(IVR Triple B Minus  with Stable Outlook) 
HINDUSTAN RASAYAN PRIVATE LIMITED,pr-Hindustan-Rasayan-03may24.pdf,stable,1.0,Double B with Stable  Outlook)  Assigned  Simple  2.  Long  Term/Short  Term Bank  Facilities  14.25  IVR BB/Stable/IVR 
HINDUSTHAN LOHA LIMITED,pr-Hindusthan-Loha-8jan24.pdf,stable,1.0,(IVR Triple B minus  with Stable Outlook) 
HIRA AUTOMOBILES LIMITED,pr-Hira-Automobiles-16feb24.pdf,stable,1.0,Minus with Stable  outlook)  Reaffirmed  Simple  Long Term Bank  Facilities  8.87  IVR BB-/ Stable 
HRMM AGRO OVERSEAS PRIVATE LIMITED,pr-HRMM-Agro-3apr24.pdf,stable,1.0,(IVR Triple B Minus with  Stable Outlook) 
HTL ISPAT PRIVATE LIMITED,pr-Mohit-Ispat-5dec23.pdf,negative,1.0,(IVR Double B with  Negative Outlook; ISSUER 
HYFUN AGRILINK PRIVATE LIMITED,pr-HAPL-25oct23.pdf,stable,1.0,with Stable  Outlook)  Reaffirmed  Simple  Proposed Long  term Fund based  Bank Facility   17.50  IVR BBB+/ Stable 
HYT ENGINEERING COMPANY PRIVATE LIMITED,pr-HYT-Engineering-1dec23.pdf,negative,1.0,Detailed Rationale  The Negative outlook assigned to the bank facilities of HYT Engineering Company Private 
IA HYDRO ENERGY PRIVATE LIMITED,pr-IA-HydroEnergy-5june24.pdf,stable,1.0,Enhancement] with  Stable Outlook) 
IBC KNOWLEDGE PARK PRIVATE LIMITED,pr-IBC-KnowledgePark-25apr2024.pdf,Outlook Position is not detected,,
IBIS SMART MARBLE PRIVATE LIMITED,pr-IBIS-SmartMarble-3nov23.pdf,stable,5.0,Stable  outlook)  2.  Cash Credit  Long  Term  23.00  IVR BB+;  Stable (IVR 
INBREW BEVERAGES PRIVATE LIMITED,pr-Inbrew-Beverages-14feb24.pdf,stable,1.0,(IVR Double B with  Stable Outlook) 
INDEPENDENT RESOURCES INDIA PRIVATE LIMITED,pr-Independent-Resources-24apr2024.pdf,negative,1.0,COOPERATING* (IVR double B  minus with negative outlook 
INDERMANI MINERAL INDIA PRIVATE LIMITED,pr-Indermani-Mineral-4apr24.pdf,stable,1.0,(IVR Triple B Plus  with Stable Outlook) 
INDIAN PRODUCTS PRIVATE LIMITED,pr-Indian-Products-18jan24.pdf,negative,1.0,IVR BBB- / Negative  Outlook;   IVR A3  (IVR Triple B Minus with  Negative Outlook; IVR A 
INDIAN SUCROSE LIMITED,pr-Indian-Sucrose-23feb2024.pdf,stable,1.0,(IVR double B plus  with Stable outlook) 
INDO FARM EQUIPMENT LIMITED,pr-IndoFarm-Equipment-12jun23.pdf,stable,1.0,(IVR A Minus with  Stable Outlook) 
INDO GERMAN INTERNATIONAL PRIVATE LIMITED,pr-NV-International-28feb24.pdf,stable,1.0,Infomerics Valuation and Rating Private Limited (IVR) has reaffirmed the long-term rating at  IVR BBB+ with change in outlook from Stable to Positive and short-term rating reaffirmed at 
INDRAPRASTH FOODS LIMITED,pr-indraprastha-foods-8aug23.pdf,negative,1.0,(IVR Double B Minus  with Negative Outlook  
INDRESHWAR SUGAR MILLS LIMITED,pr-Indreshwar-SugarMills-19oct23.pdf,negative,4.0,Assigned/  Outlook  Term Loan  -  -  February  2026  24.00  IVR B+/ Negative; 
INNOVATORS FACADE SYSTEMS LIMITED,pr-Innovators-Facade-29apr24.pdf,stable,1.0,(IVR Triple B with  Stable outlook) 
INTACT TRANSPORT PRIVATE LIMITED,pr-Intact-Transport-15feb24.pdf,stable,1.0,(IVR Triple B Minus  with stable Outlook) 
ISHAN INFOTECH LIMITED,pr-Ishan-Infotech-15may24.pdf,negative,1.0,(IVR Triple B Minus with  Negative Outlook; Issuer 
ISHAN NETSOL PRIVATE LIMITED,pr-Ishan-Netsol-15may24.pdf,negative,1.0,(IVR Triple B Minus with  Negative Outlook; Issuer 
J G SPINNING MILLS PRIVATE LIMITED,pr-JG-Spinning-26jun23.pdf,stable,1.0, (IVR Triple B Minus  with Stable Outlook) 
J M MHATRE INFRA PRIVATE LIMITED,pr-JM-MhatreInfra-28mar24.pdf,stable,1.0,(IVR Triple B Plus  with Stable Outlook) 
J P SORTEX PRIVATE LIMITED,pr-JP-Sortex-5jan24.pdf,negative,1.0,B Minus with  Negative Outlook 
JAGUAR OVERSEAS LIMITED,pr-Jaguar-Overseas-13jun23.pdf,negative,1.0,(IVR Double B Plus with  Negative Outlook; ISSUER 
JAI AMBEY ROADLINES PRIVATE LIMITED,pr-JaiAmbey-Roadlines-26apr24.pdf,stable,1.0,IVR BBB- /Stable  Outlook  (Pronounced as IVR  Triple B Minus with  stable Outlook) 
JAILAXMI CASTING AND ALLOYS PRIVATE LIMITED,pr-Jailaxmi-Casting-14dec23.pdf,stable,1.0,(IVR Triple B with  Stable Outlook) 
JALARAM AGRIEXPORTS LIMITED,pr-Jalaram-Agri-exports-10may24.pdf,stable,1.0,(IVR Triple B minus with  Stable Outlook) 
JAMMU PIGMENTS LIMITED,pr-Jammu-Pigments-20mar24.pdf,stable,1.0,(IVR Triple B with  Stable Outlook) 
JANKI NEWSPRINT PRIVATE LIMITED,pr-janki-newsprint-10jul23.pdf,stable,1.0,(IVR Triple B Minus  with Stable Outlook) 
JAY JAGDAMBA FORGINGS PRIVATE LIMITED,pr-JJFPL-29aug23.pdf,stable,1.0,(IVR Triple B Plus with  Stable Outlook) 
JAY JAGDAMBA LIMITED,pr-JJL-29aug23.pdf,stable,1.0,(IVR Triple B Plus with  Stable Outlook) 
JAY JAGDAMBA PROFILE PRIVATE LIMITED,pr-JJPPL-29aug23.pdf,stable,1.0,(IVR Triple B Plus with  Stable Outlook) 
JAYANTISUPER CONSTRUCTION PRIVATE LIMITED,pr-Jayanti-SuperConstruction-10may24.pdf,negative,1.0,Double B minus with  Negative Outlook; ISSUER 
JAYPEE CAPITAL SERVICES LIMITED,pr-Jaypee-Capital-18oct23.pdf,stable,1.0,(IVR Triple B Plus  with Stable Outlook) 
JCL INFRA PRIVATE LIMITED,pr-JCL-Infra-10jan24.pdf,stable,1.0,(IVR Triple B minus  with Stable Outlook) 
JEYENKAY PETROGELS PRIVATE LIMITED,pr-Jeyenkay-Petrogels-9may24.pdf,stable,1.0,IVR BBB- / Stable  Outlook  (IVR Triple B minus  with Stable Outlook) 
JIJAU CONSTRUCTIONS ROAD BUILDER PRIVATE LIMITED,pr-Jijau-Constructions-24apr24.pdf,stable,6.0,Assigned/  Outlook  Cash Credit  -  -  -  12.00  IVR BBB-/ Stable 
JITENDRA NEW EV TECH PRIVATE LIMITED,pr-jitendranew-evtech-23jan24.pdf,stable,1.0,Negative  outlook)  Revised from  IVR BB/ Stable 
JKPL UTILITY PACKAGING SOLUTIONS PRIVATE LIMITED,pr-Manipal-UtilityPackaging-25oct23.pdf,Not Applicable,6.0,Assigned/  Outlook  Cash Credit  -  -  Revolving  40.00  IVR BBB/ RWPI    Annexure 2: List of companies considered for consolidated analysis: Not Applicable 
JONES FOUNDATIONS PRIVATE LIMITED,pr-jones-foundation-7aug23.pdf,stable,6.0,Rating Assigned/  Outlook  Term Loan  -  -  June 2033  15.80  IVR BBB-/ Stable 
JR SUPER SPECIALITY HOSPITALS PRIVATE LIMITED,PR-JR-Super-Specialty-06032024.pdf,stable,1.0,(IVR triple B with  Stable outlook) 
JRM FOODS PRIVATE LIMITED,pr-JRMFoods-23feb24.pdf,negative,5.0,Assigned/  Outlook  Warehouse funding  -  -  -  20.00  IVR BB+/  Negative; Issuer 
JSR INFRA DEVELOPERS PRIVATE LIMITED,pr-JSRInfra-Developers-12june24.pdf,stable,1.0,with Stable  Outlook)  Assigned  Simple  Long Term Fund  Based Facilities  – Over Draft  3.41  (Reduced from  Rs.3.91 crore)  IVR BBB+/Stable 
K C INDIA LIMITED,pr-KC-India-10jan24.pdf,stable,1.0,(IVR Triple B with  Stable Outlook) 
K M SUGAR MILLS LIMITED,pr-KM-SugarMills-14may24.pdf,stable,1.0,(IVR Single A Minus  with Stable outlook) 
K&R RAIL ENGINEERING LIMITED,pr-KR-Rail-8nov23.pdf,stable,1.0,(IVR Triple B Minus  with Stable Outlook) 
K. P. WOVEN PRIVATE LIMITED,pr-kp-woven-19dec23.pdf,negative,1.0,IVR BBB /  Negative Outlook 
K.C.V.R INFRA PROJECTS PRIVATE LIMITED,pr-KCVR-InfraProjects-2apr24.pdf,negative,1.0,(IVR Double B Plus with  Negative Outlook; 
K.K. AGRO TRADE VENTURES PRIVATE LIMITED,pr-KK-AgroTrade-29dec23.pdf,negative,1.0,(IVR Triple B Minus with  Negative Outlook Issuer 
K.S. COMMODITIES PRIVATE LIMITED,pr-KS-Commodities-8apr24.pdf,stable,1.0,Infomerics Valuation and Rating Private Limited (IVR) has assigned long term/ short term  rating of IVR BBB- with a Stable outlook and IVR A3 and short term rating of IVR A3 for the 
KALIKA STEEL ALLOYS PRIVATE LIMITED,pr-Kalika-SteelAlloys-29apr24.pdf,stable,1.0,IVR A-/   Stable Outlook 
KALPATARUVU SPINNING MILLS PRIVATE LIMITED,pr-Kalpataruvu-SpinningMills-24apr24.pdf,negative,1.0,(IVR B with  Negative Outlook 
KALYAN TOLL INFRASTRUCTURE LIMITED,PR-Kalyan-Toll-13032024.pdf,negative,1.0,(IVR Double B with  Negative Outlook; 
KAMAL TIMBERS INDIA PRIVATE LIMITED,pr-Kamal-Timbers-19dec23.pdf,stable,1.0,IVR BBB-/ Stable  Outlook   (IVR Triple B  Minus with Stable 
KAMCO CHEW FOOD PRIVATE LIMITED,pr-Kamco-ChewFood-6feb24.pdf,stable,1.0,(IVR Triple B minus  with Stable Outlook) 
KANODIA GLOBAL PRIVATE LIMITED,pr-Kanodia-Global-2apr24.pdf,stable,1.0,IVR BBB with  stable Outlook 
KAPSONS INDUSTRIES PRIVATE LIMITED,pr-Kapsons-Industries-17may24.pdf,negative,1.0,Limited aggregating to Rs. 145.00 crore shall be moved in the ‘ISSUER NOT COOPERATING’  category by Infomerics and the rating be noted as IVR BB-/Issuer Not Co-operating/ Negative Outlook; 
KARIMGANJ BIOFUELS PRIVATE LIMITED,pr-Karimganj-Biofuels-13oct23.pdf,stable,1.0,(IVR Triple B Minus with  stable Outlook) 
KARLE INFRA PRIVATE LIMITED,pr-Karle-Infra-9nov23.pdf,stable,7.0,BBB+/Stable  Outlook  IVR  BBB+/Stable 
KB ISPAT PRIVATE LIMITED,pr-Sarthak-Ispat-12dec23.pdf,stable,1.0,(IVR Triple B minus with  stable outlook) 
KCC INFRA PRIVATE LIMITED,pr-KCC-Infra-29apr24.pdf,stable,1.0,Minus with  Stable Outlook) 
KESAR PETROPRODUCTS LIMITED,pr-Kesar-Petroproducts-3may24.pdf,stable,1.0,(IVR Triple B Minus  with Stable Outlook) 
KEVADIYA CONSTRUCTION PRIVATE LIMITED,pr-kcpl-14jul23.pdf,stable,1.0,(IVR Triple B with  Stable Outlook) 
KGR ENTERPRISES PRIVATE LIMITED,pr-KGR-Enterprises-3oct23.pdf,negative,1.0,(IVR Double B plus with  Negative Outlook 
KIRORIMAL KASHIRAM MARKETING AND AGENCIES PRIVATE LIMITED,pr-Kirorimal-Kashiram-27mar24.pdf,stable,7.0,"Assigned/  Outlook  Term Loan I  -  -  May 31,  2027  2.38  IVR BB-/ Stable "
KISANMITRA WAREHOUSING PRIVATE LIMITED,pr-Kisanmitra-Warehousing-18jan24.pdf,stable,1.0,(IVR Triple B Minus  with Stable outlook) 
KMC CONSTRUCTIONS LIMITED,pr-KMC-Construction-22jan24.pdf,stable,9.0,Assigned/  Outlook  Long term fund- based facility –  Cash Credit  --  --  --  230.00  IVR BBB-/  Stable 
KOHINOOR ROPES PRIVATE LIMITED,pr-Kohinoor-Ropes-18jan24.pdf,stable,1.0,(IVR Triple B  With Stable Outlook) 
KOTHARI METSOL PRIVATE LIMITED,pr-Kothari-Metsol-20sep23.pdf,stable,6.0,"Assigned/  Outlook  Term Loan  -  -  October,  2023  0.41  IVR BBB-/ Stable "
KRISHNA CORPINDIA PRIVATE LIMITED,pr-Krishna-CorpIndia-29mar24.pdf,positive,1.0,(IVR Triple B Plus  with Positive Outlook) 
KRIVI-TEX PRIVATE LIMITED,pr-KriviTex-4oct23.pdf,stable,1.0,(IVR Triple B Minus  with Stable Outlook) 
KRUSHNA COTEX PRIVATE LIMITED,pr-Krushna-Cotex-16jun23.pdf,stable,1.0, (IVR Double B Plus with  Stable Outlook) 
KUMARAGIRI SPINNERSS PRIVATE LIMITED,pr-Kumaragiri-Spinnerss-26sep23.pdf,stable,1.0,with Stable  Outlook)  IVR BBB+/  Stable  
KUTE SONS DAIRYS LIMITED,pr-KuteSons-Dairys-8jan24.pdf,negative,1.0,(IVR Double B with  Negative Outlook; 
KUTE SONS FRESH DAIRY PRIVATE LIMITED,pr-KuteSons-FreshDairy-8jan24.pdf,negative,1.0,(IVR Double B with  Negative Outlook; 
LAKSHMIJI SUGAR MILLS COMPANY LIMITED,pr-Lakshmiji-SugarMills-15jun23.pdf,negative,7.0,"Assigned/  Outlook  Term Loan  --  --  Upto  June,  2026  6.94  IVR BB-/  Negative "
LAKSHMIVEL MILLS PRIVATE LIMITED,pr-Lakshmivel-Mills-27sep23.pdf,stable,1.0,(IVR triple B minus  with Stable outlook) 
LANDSMILL AGRO PRIVATE LIMITED,pr-LandsMills-Agro-8jan24.pdf,stable,1.0,IVR BBB- /Stable  Outlook (Pronounced as  IVR Triple B Minus  with Stable Outlook) 
LAXMIROOP PRIVATE LIMITED,pr-Laxmiroop_-2apr24.pdf,stable,1.0,minus with  stable outlook) 
LEKCON INFRASTRUCTURE PRIVATE LIMITED,pr-lekcon-1aug23.pdf,stable,1.0,A2 (IVR Triple B Plus with  Stable outlook/ A Two) 
LIFE CARE LOGISTIC PRIVATE LIMITED,pr-lifecare-logistics-26jul23.pdf,stable,1.0,Minus with Stable  Outlook)  Assigned  Simple  Long term – (Term Loan)  61.79  IVR BBB-/ Stable 
LINEN ART PRIVATE LIMITED,pr-Linen-Art-29dec23.pdf,stable,1.0,IVR BB+ /Stable  Outlook (Pronounced  as IVR Double B  Plus with Stable 
LION ENGINEERING CONSULTANTS PRIVATE LIMITED,pr-Lion-Engineering-28mmar24.pdf,stable,1.0,(IVR Triple B with  Stable Outlook) 
LION FABRICS PRIVATE LIMITED,pr-LionFabrics-15may24.pdf,stable,1.0,(IVR Double B with  Stable Outlook)  
LONGOWALIA YARNS LIMITED,pr-Longowalia-Yarns-29mar24.pdf,negative,1.0,Plus with Stable  Outlook)  IVR  BB+/Negative; 
LUCID COLLOIDS LIMITED,pr-Lucid-Colloids-18dec23.pdf,stable,1.0,(IVR Double B plus with  Stable outlook)   
LUCKY GLOBAL PROJECTS PRIVATE LIMITED,pr-Lucky-GlobalProjects-16may23.pdf,stable,1.0,(IVR Double B Minus  with Stable Outlook) 
M B RUBBER PRIVATE LIMITED,PR-27062023-MRRPL.pdf,negative,5.0,Rating Assigned/  Outlook  Long Term Fund  Based Bank  Facilities – Cash  Credit  --  --  Revolving  10.00  IVR BB/Negative; 
M I A CONSTRUCTION PRIVATE LIMITED,Pr-MIA-Construction-10june24.pdf,stable,1.0,Minus  with  Stable outlook) 
MAA MAHAMAYA INDUSTRIES LIMITED,pr-Maa-Mahamaya-Industries-7nov23.pdf,stable,1.0,IVR BBB/ Stable  Outlook  (IVR Triple B with   Stable Outlook) 
MAASHEETLA VENTURES LIMITED,pr-MaaSheetla-Ventures-2apr24.pdf,negative,1.0,38.51  IVR BB+/ Negative Outlook; 
MAHALAKSHMI SPINTEX PRIVATE LIMITED,pr-Mahalakshmi-Spintex-5apr24.pdf,stable,1.0,Negative  outlook; Issuer  not cooperating)  IVR  BB/Stable 
MAHAMANAV ISPAT PRIVATE LIMITED,pr-Mahamanav-Ispat-13may24.pdf,negative,1.0,with Stable  Outlook)  Assigned/ Rating upgraded from  IVR BB-/ Negative ISSUER NOT 
MAHAMAYA SPONGE IRON PRIVATE LIMITED,pr-Mahamaya-Sponge-Iron-8jan24.pdf,negative,1.0,Minus with  Negative Outlook) 
MAHESHWARI LOGISTICS LIMITED,pr-maheshwari-logistics-24jul23.pdf,stable,1.0,(IVR Single A Minus  with stable Outlook) 
MANGALA MARINE EXIM INDIA PRIVATE LIMITED,pr-Mangala-Marine-23feb24.pdf,Outlook Position is not detected,,
MANGALAM GLOBAL ENTERPRISE LIMITED,pr-Mangalam-GlobalEnterprise-30oct23.pdf,stable,1.0,(IVR Triple B minus  with Stable Outlook) 
MANGALAM WORLDWIDE LIMITED,pr-Mangalam-Worldwide-30ct23.pdf,stable,1.0,(IVR Triple B with  Stable Outlook) 
MANGALORE MINERALS PRIVATE LIMITED,pr-mangalore-minerals-27jul23.pdf,stable,1.0,(IVR Triple B Minus/  Stable Outlook) 
MANICKAVEL EDIBLE OILS PRIVATE LIMITED,pr-Manickavel-EdibleOils-23jan2024.pdf,stable,8.0,Assigned/  Outlook  Cash Credit  -  -  -  3.75  IVR BB+/Stable 
MARAMA BEVERAGES PRIVATE LIMITED,pr-Marama-Beverages-14dec23.pdf,stable,1.0,(IVR Double B Plus  with Stable Outlook) 
MARUTI INOX (INDIA) PRIVATE LIMITED,pr-Maruti-Inox-26jun23.pdf,stable,1.0,(IVR Triple B Minus  with Stable Outlook) 
MARVEL VINYLS LIMITED,pr-Marvel-Vinlys-25jan24.pdf,stable,1.0,[IVR Triple B Minus  with Stable Outlook] 
MARWADI CHANDARANA INTERMEDIARIES BROKERS PRIVATE LIMITED,pr-Marwadi-Chandarana-21may24.pdf,stable,1.0,"(IVR Triple B With  Stable Outlook, "
MASTER CAPITAL SERVICES LIMITED,pr-Master-CapitalServices-7nov23.pdf,stable,5.0,Stable  Outlook  IVR A-/  Stable 
MATHIYAN CONSTRUCTION PRIVATE LIMITED,pr-Mathiyan-Construction-29dec23.pdf,stable,1.0,minus with stable  outlook)  IVR  BB+/Stable 
MATOD INDUSTRIES PRIVATE LIMITED,pr-Matod-Industries-17nov23.pdf,stable,1.0,(IVR Triple B Minus with  Stable Outlook) 
MATSYODARI STEEL AND ALLOY PRIVATE LIMITED,pr-Matsyodari-16may23.pdf,positive,1.0,(IVR Triple B Minus  with Positive Outlook) 
MAULI METAL INDUSTRIES PRIVATE LIMITED,pr-MauliMetal-Industries-10nov23.pdf,stable,7.0,Assigned/  Outlook  Long Term Bank  Facilities – Cash  Credit  –  –  –  36.00  IVR BBB-/  Stable 
MAX VENTURES INVESTMENT HOLDINGS PRIVATE LIMITED,pr-Max-Ventures-2nov22.pdf,stable,1.0,[IVR Double B Plus with  Stable Outlook) 
MEGAWIN SWITCHGEAR PRIVATE LIMITED,pr-Megawin-Switchgears-10oct23.pdf,stable,1.0,(IVR Triple B Minus with Stable  Outlook)    Reaffirmed   Simple   Long-Term/Short- Term Bank Facilities   40.00  (Reduced from 50.00)  IVR BBB-/ Stable /IVR A3 
MELZER CHEMICALS PRIVATE LIMITED,pr-Melzer-Chemicals-28sep23.pdf,negative,1.0,IVR BB+; Negative  Outlook: ISSUER NOT  COOPERATING *  (IVR  Double B Plus with  Negative Outlook: 
METAL CARE ALLOYS LIMITED,pr-MetalCare-Alloys-29apr24.pdf,stable,1.0,IVR BBB-/ Stable  Outlook  [IVR Triple B Minus with  Stable Outlook] 
METAMORPHOSIS ENGITECH INDIA PRIVATE LIMITED,pr-Metamorphosis-Engitech-18jan24.pdf,stable,1.0,IVR BBB-/Stable  Outlook  [IVR Triple B  Minus with Stable 
METAROLLS ISPAT PRIVATE LIMITED,pr-Metarolls-Ispat-28sep23.pdf,stable,1.0,(IVR A Minus with  Stable Outlook) 
METRO ECO GREEN RESORTS LIMITED,PR-Metro-Eco-07mar2024.pdf,stable,1.0,(IVR Double B with  Stable Outlook) 
MI INDUSTRIES (INDIA) PRIVATE LIMITED,pr-asm-industries-11jul23.pdf,stable,1.0,IVR BB/Stable  Outlook   (IVR Double B with  Stable Outlook) 
MILESTONE GEARS PRIVATE LIMITED,pr-Milestone-Gears-1mar24.pdf,stable,1.0,(IVR Triple B with  Stable Outlook) 
MILKFOOD LIMITED,pr-Milkfood-17may2024.pdf,stable,1.0,(IVR Triple B with  Stable Outlook) 
MIRAJ ENTERTAINMENT LIMITED,pr-miraj-entertainment-8aug23.pdf,stable,1.0,IVR BBB-/ Stable  Outlook  (IVR Triple B Minus  with Stable Outlook) 
MITTAL PIGMENTS PRIVATE LIMITED,pr-Mittal-Pigment-20mar24.pdf,stable,1.0,(IVR Triple B with  Stable Outlook) 
MKS CONSTRO-VENTURE PRIVATE LIMITED,pr-MKS-Constro-17may24.pdf,stable,1.0,(IVR Triple B with Stable  outlook)  Reaffirmed  Simple   Long Term Bank  Facilities  25.00    IVR BBB/ Stable 
MODI NATURALS LIMITED,pr-Modi-Naturals-21feb24.pdf,stable,1.0,(IVR Double B Plus  with Stable outlook) 
MOHIT DIAMONDS PRIVATE LIMITED,Pr-Mohit-Diamonds-01may24.pdf,stable,7.0,Assigned/  Outlook  Fund Based Bank  Facilities – GECL  --  --  Sep-26  3.07  IVR BBB-/  Stable 
MOHIT INDUSTRIES LIMITED,pr-Mohite-Industries-23nov23.pdf,stable,1.0,Plus with Stable  Outlook)  IVR BBB- /Stable 
MOHIT ISPAT PRIVATE LIMITED,pr-Mohit-Ispat-5dec23.pdf,negative,1.0,(IVR Double B with  Negative Outlook; ISSUER 
MRMC FOODS PRIVATE LIMITED,pr-mrmc-foods-12feb24.pdf,stable,1.0,Plus with Stable  Outlook)  IVR BB+/Stable 
MULTI INFRATECH PRIVATE LIMITED,pr-Multi-Infratech-20may24.pdf,stable,1.0,(IVR Triple B Minus with  Stable Outlook) 
MULTIURBAN INFRA SERVICES PRIVATE LIMITED,pr-Multiurban-InfraServices-2apr24.pdf,negative,1.0, (IVR Double B Plus  with Negative Outlook; 
N G PROJECTS LIMITED,PR-NGPS-20DEC2023.pdf,stable,1.0,(IVR Triple B plus with Stable outlook)
N J R CONSTRUCTIONS PRIVATE LIMITED,pr-NJR-Constructions-26feb24.pdf,negative,5.0,Assigned/  Outlook  Overdraft against  book debts  -  -  -  10.00  IVR BB+/  Negative; Issuer 
N. N. GLOBAL MERCANTILE PRIVATE LIMITED,pr-Global-Mercantile-20mar24.pdf,negative,1.0,(IVR Single B with Negative  Outlook  Issuer  Not  Cooperating)  Downgraded  from  IVR  B+/  Negative 
NANDAN TERRY LIMITED,PR-NTL-06032024.pdf,stable,1.0,(IVR A Minus with  Stable Outlook) 
NARSIMHA IRON & STEEL PRIVATE LIMITED,pr-Narsimha-IronSteel-27feb24.pdf,stable,1.0,(IVR Triple B/  Stable Outlook) 
NATUREFRESH INDUSTRIES LIMITED,Pr-Naturefresh-23apr24.pdf,stable,1.0,5.60  IVR BBB+/Stable Outlook 
NEEPA REAL ESTATES PRIVATE LIMITED,re-neepa-june23.pdf,stable,1.0,(IVR Double B with  Stable Outlook) 
NEXO INDUSTRIES PRIVATE LIMITED,pr-Nexo-Industries-4apr24.pdf,stable,1.0,(IVR Triple B Minus with  Stable outlook) 
NIKITHA BUILD-TECH PRIVATE LIMITED,pr-Nikitha-BuildTech-18jan24.pdf,negative,1.0,(IVR Double B minus  with Negative Outlook 
NILKANTH CONCAST PRIVATE LIMITED,pr-Nilkanth-Concast-21mar24.pdf,positive,1.0,(IVR Triple B with  Positive Outlook) 
NIMBUS PIPES LIMITED,pr-Nimbus-Pipes-7june23.pdf,stable,1.0,(IVR Double B with  Stable Outlook)  
NIROS ISPAT PRIVATE LIMITED,pr-niros-ispat-11jul23.pdf,stable,1.0, (IVR Single A Minus  with Stable Outlook) 
NNP CONSTRUCTION PRIVATE LIMITED,pr-NNP-Construction-12dec23.pdf,Outlook Position is not detected,,
NOKHA AGROTECH PRIVATE LIMITED,pr-Nokha-Agrotech-9may24.pdf,stable,1.0,Stable  Outlook]  IVR BBB  (Stable) 
NRP PROJECTS PRIVATE LIMITED,pr-NRP-Projects-31may24.pdf,positive,1.0,(IVR Triple B with  Positive Outlook) 
NSL CONSTRUCTIONS PRIVATE LIMITED,pr-NSL-Constructions-10may24.pdf,stable,1.0,Minus with  Stable Outlook) 
NTC HOLDINGS PRIVATE LIMITED,pr-Max-Ventures-2nov22.pdf,stable,1.0,[IVR Double B Plus with  Stable Outlook) 
NUANCE JEWEL PRIVATE LIMITED,pr-NuanceJewel-12may23.pdf,negative,1.0,(IVR double B with  Negative Outlook 
NUCON AEROSPACE PRIVATE LIMITED,pr-Nucon-Aerospace-30nov23.pdf,negative,1.0,IVR BBB-/ Negative  Outlook (IVR Triple B  Minus with Negative 
NUMERO UNO CLOTHING LIMITED,pr-Numero-UnoClothing-14may2024.pdf,stable,1.0,Minus; with  Stable Outlook) 
NV DISTILLERIES PRIVATE LIMITED,pr-NV-Distilleries-28feb24.pdf,stable,1.0,Infomerics Valuation and Rating Private Limited (IVR) has reaffirmed the long-term rating at  IVR BBB+ with change in outlook from Stable to Positive for the bank loan facilities of NV 
NV INTERNATIONAL PRIVATE LIMITED,pr-NV-International-28feb24.pdf,stable,1.0,Infomerics Valuation and Rating Private Limited (IVR) has reaffirmed the long-term rating at  IVR BBB+ with change in outlook from Stable to Positive and short-term rating reaffirmed at 
OCEAN CONSTRUCTIONS (INDIA) PRIVATE LIMITED,pr-Ocean-Constructions-11jan24.pdf,stable,1.0,(IVR Double B Plus with  Stable outlook) 
OM SHRI SHUBH LABH AGRITECH PRIVATE LIMITED,pr-OmShri-ShubhLabh-21mar24.pdf,stable,1.0,with Stable  Outlook)  Upgraded  Simple  Long term Bank  Facilities – Term  loans  1.91  IVR BBB-/Stable 
OMKARA ASSETS RECONSTRUCTION PRIVATE LIMITED,pr-omkara-assets-1sep23.pdf,negative,7.0,Assigned/  Outlook   Term Loan  -  -  March  2028  60.00  IVR A-/Rating  Watch with  Negative 
ONEOTT INTERTAINMENT LIMITED,pr-ONEOTT-Intertainment-27dec23.pdf,stable,1.0,(IVR A Plus with  Stable Outlook) 
ORBIT RESORTS LIMITED,pr-Orbit-Resorts-2apr24.pdf,stable,1.0,(IVR Double B Plus  with Stable Outlook) 
ORION SECURITY SOLUTIONS PRIVATE LIMITED,pr-Orion-Security-30nov23.pdf,stable,1.0,plus with  Stable outlook) 
OSRM TECH PACK PRIVATE LIMITED,pr-OSRM-TechPack-17aug23.pdf,stable,1.0,Minus with  Stable Outlook) 
P & R INFRAPROJECTS LIMITED,pr-PR-Infraprojects-6dec23.pdf,stable,1.0,IVR BBB- /Stable  Outlook (Pronounced  as IVR Triple B  Minus with Stable 
P K OVERSEAS PRIVATE LIMITED,pr-ANS-Private-Limited-19jan24.pdf,stable,1.0, IVR BBB/Stable  Outlook ; IVR  A3+ (IVR Triple  B with Stable 
P K PHARMATECH PRIVATE LIMITED,pr-PK-Pharmatech-6nov23.pdf,negative,1.0,Cooperating with  Negative Outlook) 
PADMAVATI CHAINS PRIVATE LIMITED,pr-Padmavati-Chains-21dec23.pdf,stable,6.0,"Assigned/  Outlook  GECL  -  -  August  9,2024  0.60  IVR BBB-/ Stable "
PAGARIYA OVERSEAS PRIVATE LIMITED,pr-Pagariya-Overseas-11june24.pdf,stable,1.0,stable  outlook)  IVR BBB-;  Stable (IVR 
PALIWAL SONS DAIRY PRIVATE LIMITED,pr-PaliwalSons-Dairy-7dec23.pdf,negative,1.0,with Stable  Outlook)  IVR BB- /Negative/Issuer 
PANCHAGANGA SEEDS PRIVATE LIMITED,pr-Panchaganga-Seeds-1apr24.pdf,stable,1.0,(IVR Triple B with  Stable Outlook) 
PARAGON APPAREL PRIVATE LIMITED,pr-Paragon-Apparel-9nov23.pdf,stable,1.0,(IVR Double B with  Stable outlook) 
PARALAM GLOBAL PRIVATE LIMITED,pr-Paralam-Global-7may24.pdf,stable,1.0,(IVR Triple B Minus  with Stable outlook) 
PAREKH GADGETS PRIVATE LIMITED,pr-Parekh-Gadgets-25apr24.pdf,stable,1.0,(IVR triple B minus  with Stable outlook) 
PAREKHPLAST INDIA LIMITED,pr-parekhplast-india-1feb24.pdf,Outlook Position is not detected,,
PARVATI SWEETNERS AND POWER LIMITED,pr-Parvati-Sweetnerspower-22feb24.pdf,stable,1.0,(IVR Double B Plus  with Stable outlook) 
PASHUPATI LAMINATORS PRIVATE LIMITED,PR-Pashupati-Laminators-11mar2024.pdf,stable,8.0,Rating Assigned/  Outlook  Term Loan-1  -  -  FY 2026  1.39  IVR BBB/ Stable 
PASHUPATI POLYTEX PRIVATE LIMITED,PR-Pashupati-Polytex-11mar2024.pdf,stable,8.0,Rating Assigned/  Outlook  Term Loan-1  -  -  FY 2025  1.86  IVR BBB/ Stable 
PASSION INDUSTRIES PRIVATE LIMITED,pr-Passion-Industries-13oct23.pdf,stable,1.0,IVR BBB- with  Stable Outlook 
PATCHALA SPINTEX PRIVATE LIMITED,pr-Patchala-Spintex-16jan24.pdf,stable,1.0,(IVR Triple B minus with  Stable outlook) 
PAUL MERCHANTS LIMITED,pr-paul-merchants-24jul23.pdf,stable,1.0,external factors and volatility in foreign exchange markets.  The revision in outlook to “Stable” from “Negative” is on account of no immediate impact on 
PCI INFRAPROJECTS PRIVATE LIMITED,pr-PCI-Infraprojects-31jan24.pdf,stable,1.0,(IVR Triple B Minus with  Stable Outlook) 
PERFECT MEGASTRUCTURE PRIVATE LIMITED,pr-Perfect-Megastructures-22may24.pdf,stable,1.0,with Stable  Outlook)  IVR BBB/  Stable  
PERMALI WALLACE PRIVATE LIMITED,PR-PWPL-26MAY23.pdf,stable,1.0,Double B plus with stable outlook)
PHOENIX TECH ZONE PRIVATE LIMITED,pr-phoenix-25aug23.pdf,negative,2.0,rating be noted as IVR BB-/Negative/IVR A4; ISSUER NOT COOPERATING; based on best  available information (IVR Double B Minus with negative outlook; IVR A Four;  ISSUER NOT 
PICCADILY AGRO INDUSTRIES LIMITED,pr-PiccadilyAgro-27mar24.pdf,stable,1.0,(IVR Triple B Plus  with Stable Outlook) 
PICCADILY HOTELS PRIVATE LIMITED,pr-Piccadily-Hotels-27mar24.pdf,stable,1.0,(IVR Triple B Minus  with Stable Outlook) 
PILANIA INDUSTRIES INDIA PRIVATE LIMITED,pr-pilania-industries-23jan24.pdf,stable,7.0,Assigned/  Outlook  ECLGS 1  -  -  Oct 2024  1.13  IVR BB+/ Stable 
PINNACLE TELE SERVICES PRIVATE LIMITED,pr-Pinnacle-TeleServices-18mar24.pdf,stable,1.0,IVR BBB / Stable  Outlook  [IVR Triple B with  Stable Outlook] 
PIOTEX TEXTECH PRIVATE LIMITED,pr-Piotex-Textech-5feb24.pdf,stable,1.0,(IVR Triple B Minus  with Stable outlook) 
PLASTENE INDIA LIMITED,pr-Plastene-India-16may24.pdf,negative,1.0,(IVR Triple B with  Negative Outlook) 
POOJARA TELECOM PRIVATE LIMITED,pr-Poojara-Telecom-13may24.pdf,stable,1.0,IVR BBB-/  Stable Outlook 
POONAM ROLLER FLOUR MILLS PRIVATE LIMITED,pr-Poonam-Roller-23mar24.pdf,stable,1.0,(IVR triple B with  Stable outlook)   
PRAGATI GLASS & INDUSTRIES PRIVATE LIMITED,PR-Pragati-Glass-15032024.pdf,stable,1.0,(IVR Triple B Minus  with Stable Outlook) 
PRAKRUTEES INFRA IMPEX INDIA PRIVATE LIMITED,pr-Prakrutees-InfraImpex-14dec23.pdf,stable,7.0,Assigned/  Outlook  UGECL  -  -  2027  0.58  IVR BB-/  Stable 
PRATHU GINNING MILL PRIVATE LIMITED,pr-Prathu-GinningMill-17may24.pdf,negative,1.0,Stable  Outlook)  IVR BB (Negative)/ 
PRECA SOLUTIONS INDIA PRIVATE LIMITED,pr-Preca-Solutions-18dec23.pdf,negative,1.0,(IVR Double B Plus with  Negative outlook; 
PRESSMACH INFRASTRUCTURE PRIVATE LIMITED,pr-Pressmach-Infrastructure-22nov23.pdf,stable,1.0,(IVR Double B with  Stable Outlook) 
PRESTO INFO SOLUTIONS PRIVATE LIMITED,pr-Prestoinfo-solutions-5feb24.pdf,stable,1.0,Informerics Valuation and Rating Private Limited (IVR) has upgraded the long term rating to  IVR BBB with a stable outlook and short term rating to IVR A3+ for the bank loan facilities of 
PRIME GOLD INTERNATIONAL LIMITED,pr-primegold-international-25apr24.pdf,stable,1.0,A4+ (IVR Double B Plus  with Stable Outlook/IVR 
PROMPT ENTERPRISES PRIVATE LIMITED,pr-Prompt-Enterprises-1mar24.pdf,stable,1.0,Plus; with  Stable Outlook) 
PURANIK BUILDERS LIMITED,pr-Puranik-Builders-19feb24.pdf,negative,1.0,(IVR Double B with  Negative Outlook; 
PWDS EXTRUSIONS PRIVATE LIMITED,pr-PWDS-Extrusions-21mar24.pdf,negative,1.0,Negative  Outlook; ISSUER  NOT  COOPERATING)  IVR  BB/Negative; 
QUADGEN WIRELESS SOLUTIONS PRIVATE LIMITED,pr-Quadgen-Wireless-11oct23.pdf,stable,1.0,(IVR Triple B Minus with  Stable outlook) 
R.R. CONSTRUCTIONS AND INFRASTRUCTURE INDIA PRIVATE LIMITED,pr-RR-Construction-8aug23.pdf,negative,1.0,(IVR Triple B with  Negative Outlook) 
RAAJCO SPINNERS PRIVATE LIMITED,pr-Raajco-Spinners-23feb24.pdf,positive,1.0,with Stable  Outlook]  IVR BB+ /  Positive 
RAGHAVA CONSTRUCTIONS (INDIA) PRIVATE LIMITED,pr-Raghava-Constructions-29aug23.pdf,negative,1.0,IVR BB- / Negative  Outlook; ISSUER NOT  COOPERATING*  (IVR BB Minus with  Negative Outlook; 
RAHUL CABLES PRIVATE LIMITED,pr-Rahul-Cables-13oct23.pdf,stable,1.0,IVR BBB-/Stable  Outlook  [IVR Triple B Minus  with Stable Outlook] 
RAJ INFRASTRUCTURE DEVELOPMENT (INDIA) PRIVATE LIMITED,pr-Raj-Infrastructure-25apr24.pdf,stable,1.0,plus with Negative  Outlook; Issuer  Not Cooperating*]  IVR BBB/  Stable Outlook 
RAJALAKSHMI CARS PRIVATE LIMITED,pr-rajalakshmi-cars-10jul23.pdf,stable,1.0,B with Stable  outlook)  IVR  BB/Stable 
RAJARAJESHWARE BUILDDCON PRIVATE LIMITED,pr-Rajarajeshware-Buildcon-12jan24.pdf,negative,1.0,Double B Plus with  Negative Outlook; 
RAJGOR AGRO LIMITED,pr-Rajgor-Agro-9jan2024.pdf,stable,1.0,(IVR triple B with  Stable outlook) 
RAJGOR CASTOR DERIVATIVES LIMITED,pr-RajgorCastor-Derivatives-9jan2024.pdf,stable,1.0,(IVR triple B with  Stable outlook) 
RAJGOR PROTEINS LIMITED,pr-Rajgor-Proteins-9jan2024.pdf,stable,1.0,(IVR triple B with  Stable outlook) 
RAMA INDUSTRIES LIMITED,pr-Rama-Industries-2jan24.pdf,stable,1.0,(IVR Triple B Minus  with Stable Outlook) 
RAMESWAR UDYOG PRIVATE LIMITED,pr-Rameswar-Udyog-1nov23.pdf,stable,1.0,IVR BBB / Stable  Outlook (IVR Triple B  with Stable Outlook) 
RAMKRISHNA COTSPIN PRIVATE LIMITED,pr-Ramkrishna-Cotspin-10oct23.pdf,stable,1.0,Detailed Rationale  The revision of outlook to Negative from Stable reflects substantial decline in revenue in 
RANA SUGARS LIMITED,pr-rana-sugars-23aug23.pdf,stable,1.0,(IVR Triple B Minus  with Stable Outlook) 
RANGA PARTICLE BOARD INDUSTRIES PRIVATE LIMITED,pr-RangaParticle-26mar24.pdf,negative,1.0,with Stable  Outlook)  IVR BB+  (Negative)/ 
RASHI STEEL AND POWER LIMITED,pr-Rashi-steel-27sep23.pdf,stable,5.0,(Rs. Crore)  Rating / Outlook  Cash  Credit  (Proposed)  -  -  -  20.00  IVR BBB/Stable 
RASHIK BIHARI FOOD PRODUCT PRIVATE LIMITED,pr-rashik-bihari-29aug23.pdf,stable,1.0,(IVR Double B Plus  with Stable outlook) 
RASHMI SPONGE IRON AND POWER INDUSTRIES PRIVATE LIMITED,pr-Rashmi-Sponge-17jan24.pdf,stable,1.0,(IVR Triple B with  Stable Outlook)  
RATAN HOUSING DEVELOPMENT LIMITED,pr-RatanHousing-Development-3apr24.pdf,negative,1.0,(IVR triple B with  Negative outlook) 
RATHI INDUSTRIAL CORPORATION PRIVATE LIMITED,pr-Rathi-Industrial-11june24.pdf,negative,1.0,"(IVR Double B with  Negative Outlook, ISSUER "
RATNAVEER PRECISION ENGINEERING LIMITED,pr-Ratnaveer-Precision-18jan24.pdf,stable,1.0,IVR BBB+/ Stable  Outlook  [IVR Triple B plus  with Stable Outlook] 
RATTHA HOLDING COMPANY PRIVATE LIMITED,pr-RatthaHolding-Company-20mar24.pdf,stable,1.0,IVR BBB / Stable  Outlook  [IVR Triple B with  Stable Outlook] 
RAYALASEEMA INDUSTRIES (INDIA) PRIVATE LIMITED,pr-Rayalaseema-5sep23.pdf,stable,1.0,(IVR Triple B Minus  with Stable outlook) 
RBM INFRACON LIMITED,PR-RBM-Infracon-14032024.pdf,stable,6.0,Assigned/  Outlook  Long Term Bank  Facilities – Cash  Credit  –  –  –  8.95  IVR BBB- /Stable 
RBP ENERGY (INDIA) PRIVATE LIMITED,pr-RBP-Energy-29mar24.pdf,stable,7.0,Assigned/  Outlook  Overdraft  -  -  -  0.80  IVR BBB- /Stable 
REGAL FARMFRESH PRIVATE LIMITED,pr-regal-farmfresh-10jul23.pdf,stable,1.0, (IVR Double B with  Stable Outlook) 
RELIABLE AUTOTECH PRIVATE LIMITED,pr-Reliable-Autotech-7nov23.pdf,stable,1.0,with Stable  Outlook)  Reaffirmed  Simple  Long Term  Bank Facilities  25.00  IVR BBB+/ Stable 
RELIANCE ASSET RECONSTRUCTION COMPANY LIMITED,pr-RelianceARC-27feb24.pdf,stable,1.0,The resolution of Rating watch with developing implications and assignment of ‘Stable  Outlook’ reflects Infomerics’ belief that credit profile of Reliance Asset Reconstruction  Company Limited (RARCL) shall be agnostic of which suitor of the two (Hinduja group  & Torrent group) wins the bid. This stems from the fact that the parentage of either of  the bidders will have a similar salubrious effect on the credit profile of RARCL.    The rating continues to reflect stable business operation in FY23 (audited) and 
RENNY STRIPS PRIVATE LIMITED,pr-RennyStrips-3apr24.pdf,stable,8.0,Assigned/  Outlook  Term Loan  -  -  Upto January  2033  65.56  IVR BBB/  Stable 
RESPONSIVE INDUSTRIES LIMITED,pr-Responsive-Industries-4dec23.pdf,stable,1.0,IVR A-/ Stable  Outlook  [IVR Single A  minus with  Stable 
RITHWIK PROJECTS PRIVATE LIMITED,pr-Rithwik-Projects-28mar24.pdf,stable,1.0,(IVR Single A Minus  with Stable Outlook) 
RITIKA VEGETABLE OIL PRIVATE LIMITED,pr-Ritika-VegetableOil-29nov23.pdf,negative,5.0,"Assigned/  Outlook  Cash Credit  -  -  -  31.00  IVR BB; Negative, "
RNV INDUSTRIES PRIVATE LIMITED,pr-RNV-Industries-10apr24.pdf,stable,1.0,(IVR Triple B Minus  with Stable Outlook/ 
ROCK AND STORM DISTILLARIES PRIVATE LIMITED,pr-RockStorm-Distillaries-21jul23.pdf,stable,1.0,(IVR Triple B Minus  with Stable Outlook) 
ROGER INDUSTRIES LIMITED,Pr-Roger-Industries-23apr24.pdf,stable,1.0,Negative  Outlook; Issuer  Not  Cooperating*)  IVR BBB/  Stable 
ROYALCARE SUPER SPECIALITY HOSPITAL LIMITED,pr-Royalcare-SuperSpeciality-31oct23.pdf,stable,1.0,(IVR Triple B Minus  with Stable Outlook) 
RPS INFRA PROJECTS PRIVATE LIMITED,pr-RPS-Infraprojects-2may23.pdf,stable,1.0,plus with  Stable outlook) 
RSI STONE WORLD PRIVATE LIMITED,pr-RSI-stoneworld-20jun23.pdf,stable,1.0,Stable  Outlook)  IVR BBB-/  Stable 
RUDRA GLOBAL INFRA PRODUCTS LIMITED,pr-RudraGlobal-InfraProducts-28dec23.pdf,stable,1.0,(IVR triple B with  Stable outlook) 
RUDRA GREEN SHIP RECYCLING PRIVATE LIMITED,re-RudraGreenShip-11jan2024.pdf,stable,1.0,B (Credit Enhancement)  with Stable Outlook and 
RUSAN PHARMA LIMITED,PR-RPL-12MAY2023.pdf,negative,1.0,(IVR A Minus with Negative Outlook)
RUSHIL DECOR LIMITED,pr-Rushil-Decor-21sep23.pdf,stable,1.0,(IVR Single A minus  with Stable Outlook) 
S & P FEEDS PRIVATE LIMITED,pr-SP-Feeds-1dec23.pdf,stable,1.0,Detailed Rationale  IVR has revised the outlook of SPFPL to Positive from Stable while affirming the ratings at 
S K AGROFOOD TECH PRIVATE LIMITED,pr-SK-Agrofood-1nov23.pdf,stable,1.0,(IVR Triple B Minus  with Stable outlook) 
S M R PLANTATION PRIVATE LIMITED,PR-SMR-jan24.pdf,stable,8.0,Assigned/  Outlook  Long Term Bank  Facility-Cash Credit  -  -  -  16.50  IVR BBB+/Stable 
S P IRON PRIVATE LIMITED,PR-SPIron-07mar24.pdf,stable,1.0,Double B Minus with  Stable Outlook) 
S V DISTRIBUTORS PRIVATE LIMITED,pr-SV-Distributors-13sep23.pdf,stable,6.0,Rating Assigned/  Outlook  Cash Credit  -  -  -  87.40#  IVR BBB-/ Stable 
S.V. ALUEXT PROFILE PRIVATE LIMITED,pr-SV-AluextProfile-15may24.pdf,stable,1.0,Positive  Outlook]  IVR BBB- /Stable 
S.V.C. PROJECTS PRIVATE LIMITED,pr-SVC-Projects-29dec23.pdf,stable,1.0,(IVR Double B with  Stable outlook) 
SABARI CONSTRUCTIONS TECHNOLOGIES PRIVATE LIMITED,pr-Sabari-Construction-15feb24.pdf,stable,1.0,minus with Stable  Outlook)  Assigned  Simple  Long Term Fund  Based Facility –  Term Loan  0.56  IVR BBB-/ Stable  
SADGURU SRI SRI SAKHAR KARKHANA LIMITED,pr-sadguru-3jul23.pdf,stable,1.0,(IVR Double B Plus  with Stable outlook)  
SADHANA NITRO CHEM LIMITED,pr-Sadhana-NitroChem-22jun23.pdf,stable,1.0,(IVR Triple B with  Stable Outlook) 
SAGAR NUTRIMENTS PRIVATE LIMITED,pr-sagar-nutriments-10jul23.pdf,stable,1.0,(IVR Triple B  with  Stable outlook) 
SAI COMPUTERS LIMITED,pr-SaiComputers-2mar24.pdf,stable,1.0,  (IVR Triple B Minus  with Stable Outlook) 
SAKET INFRAPROJECTS PRIVATE LIMITED,pr-saket-infraprojects-12june24.pdf,stable,1.0,(IVR triple B with  Stable outlook) 
SAKTHI FERRO ALLOYS (INDIA) PRIVATE LIMITED,pr-Sakthi-Ferro-25apr24.pdf,negative,1.0,(IVR Double B with  Negative Outlook 
SAKTHI POULTRY PRIVATE LIMITED,pr-Sakthi-Poultry-5oct23.pdf,positive,1.0,"factor in the long track record of promoters in the poultry industry, locational advantage and  favourable demand outlook of the poultry industry. The ratings are, however, constrained by  SPPL’s reduction in key margin indicators in FY22 and FY23, profitability susceptible to  volatility in raw material prices and vulnerability of the industry’s performance to outbreaks of  the flu and other diseases.     Key Rating Sensitivities:   Upward Factors  •  Substantial and sustained improvement in revenue and profitability margins while  maintaining the debt protection metrics may lead to a positive rating action. "
SALASAR BALAJI OVERSEAS PRIVATE LIMITED,pr-Salasar-Balaji-29jun23.pdf,stable,1.0,IVR BBB-/ Stable  Outlook  (IVR Triple B Minus  with Stable Outlook) 
SALASAR TECHNO ENGINEERING LIMITED,pr-Salasar-Techno-16jan24.pdf,stable,1.0,(IVR A; with  Stable Outlook) 
SAMARPAN SYNTHETICS PRIVATE LIMITED,pr-Samarpan-Synthetics-29feb24.pdf,stable,1.0,(IVR Double B Minus  with Stable outlook) 
SAMBANDAM SPINNING MILLS LIMITED,PR-Sambandam-13032024.pdf,stable,6.0,"Plus with Stable  Outlook)    (October 31,  2023)  IVR BB+/ Stable "
SAMRAT GEMS IMPEX PRIVATE LIMITED,pr-SamratGems-Impex-6nov23.pdf,stable,1.0,(IVR Double B Minus  with Stable Outlook) 
SANNVERSE RAILTECH PRIVATE LIMITED,pr-Sannverse-Railtech-10nov23.pdf,stable,1.0,Triple B minus with  Stable Outlook) 
SANSKAR AGRO PROCESSORS PRIVATE LIMITED,pr-Sanskar-AgroProcessors-22dec23.pdf,stable,1.0,Minus with Stable  outlook)  Revised from IVR  BBB / Stable (IVR 
SANVIJAY ALLOYS AND POWER LIMITED,pr-Sanvijay-Alloys-01jan24.pdf,stable,7.0,Stable  Outlook)  IVR A- /Stable 
SANVIJAY INFRASTRUCTURES PRIVATE LIMITED,pr-Sanvijay-Infrastructure-22mar24.pdf,stable,1.0,Minus with Stable  Outlook)  Reaffirmed  Simple  Long Term Fund  Based Facilities –  Term Loan  8.12  (Reduced from  Rs.9.57 crore)  IVR A-/ Stable  
SANVIJAY ROLLING AND ENGINEERING LIMITED,pr-Sanvijay-Rolling-22mar2024.pdf,stable,1.0,Minus with Stable  Outlook)  Reaffirmed  Simple  Long Term Fund  Based Facilities –  GECL   62.43  (Reduced from  Rs.73.91 crore)  IVR A-/ Stable  
SAPPHIRE MEDIA LIMITED,pr-Sapphire-Media-5feb24.pdf,stable,1.0,Infomerics Valuation and Rating Private Limited (IVR) has assigned long term rating of IVR  BBB- with a Stable outlook and short-term rating of A3 for the bank loan facilities of Sapphire 
SARA INTERNATIONAL PRIVATE LIMITED,pr-Sara-International-8feb24.pdf,stable,1.0,Minus with Stable  Outlook)  IVR BBB/Stable 
SARAVANA SELVARATHNAM RETAIL PRIVATE LIMITED,pr-Saravana-14sep23.pdf,stable,6.0,Assigned/  Outlook  Cash Credit   -  -  -  130.00  IVR BBB-/Stable 
SARDHANA PAPERS PRIVATE LIMITED,pr-sardhana-papers-8sep23.pdf,stable,1.0,(IVR Double B Plus  with Stable outlook) 
SARNA CHEMICALS PRIVATE LIMITED,pr-Sarna-Chemicals-27may24.pdf,stable,7.0,Assigned/  Outlook  Long Term Fund Based  Facility – Cash Credit  --  --  --  1.00  IVR  BBB+/Stable 
SARTHAK ISPAT PRIVATE LIMITED,pr-Sarthak-Ispat-12dec23.pdf,stable,1.0,(IVR Triple B minus with  stable outlook) 
SARVESHWAR FOODS LIMITED,pr-sarveshwar-foods-6feb24.pdf,stable,1.0,IVR BBB/ Stable  Outlook  (IVR Triple  B with Stable 
SARVESHWAR OVERSEAS LIMITED,pr-sarveshwar-overseas-6feb24.pdf,stable,1.0,IVR BBB/ Stable  Outlook  (IVR Triple  B with Stable 
SATISH SUGARS LIMITED,pr-Satish-Sugars-18mar24.pdf,stable,1.0,with Stable  Outlook)  IVR BBB/  Stable  
SAVERA AUTO COMPS PRIVATE LIMITED,pr-savera-auto-comps-20jul23.pdf,Outlook Position is not detected,,
SBL ENERGY LIMITED,PR-SEL-07Mar24.pdf,Outlook Position is not detected,,
SHAH AGRI IMPEX PRIVATE LIMITED,pr-ShahAgriImpex-3apr24.pdf,stable,1.0,(IVR Double B Plus  with Stable outlook) 
SHAH FOILS LIMITED,pr-ShahFoils-19jan24.pdf,stable,1.0,(IVR Triple B plus  with Stable outlook) 
SHAH NANJI NAGSI EXPORTS PRIVATE LIMITED,pr-ShahNanji-8may23.pdf,negative,1.0,(IVR Double B with  Negative Outlook;  
SHALIMAR CORP LIMITED,PR-Shalimar-Corp-15032024.pdf,negative,1.0,(IVR Triple B Minus with  Negative Outlook) 
SHAPOORJI PALLONJI PANDOH TAKOLI HIGHWAY PRIVATE LIMITED,pr-ShapoorjiPallonji-PandohTakoli-29mar24.pdf,stable,7.0,Assigned/  Outlook  Long term fund- based facility –  Term Loan  --  --  June 2036  1339.71  IVR BBB- /  Stable 
SHARAD CONSTRUCTIONS PRIVATE LIMITED,pr-Sharad-Constructions-30jan24.pdf,stable,1.0,(IVR Double B Plus  with Stable Outlook) 
SHARP AGRICOM LIMITED,pr-Sharp-Agricom-1jan24.pdf,stable,1.0,Triple B Minus with  Stable Outlook) 
SHIRDI SAI ELECTRICALS LIMITED,pr-ShirdiSai-Electricals-2jan24.pdf,Outlook Position is not detected,,
SHITAL FIBRES LIMITED,pr-Shital-Fibres-15jan24.pdf,stable,1.0,IVR BBB- with Stable  Outlook (IVR Triple B  minus With Stable 
SHIV KRUPA STEEL & ALLOYS PRIVATE LIMITED,pr-ShivKrupa-SteelAlloys-3jan23.pdf,stable,1.0,Double B with Stable  Outlook)  Reaffirmed  Simple  Long Term Fund  Based Bank Facilities  – Cash Credit  19.00  IVR BB /Stable (IVR 
SHIVAKRITI INTERNATIONAL LIMITED,pr-Shivakriti-International-13juun23.pdf,stable,1.0, (IVR Triple B Plus with  Stable Outlook) 
SHIVALIK BUILDTECH PRIVATE LIMITED,pr-Shivalik-buildtech-11june24.pdf,stable,1.0,Negative  Outlook;  Issuer not  cooperating]  IVR  BB+/Stable 
SHIVTEX SPINNING PRIVATE LIMITED,pr-Shivtex-4apr24.pdf,negative,1.0,(IVR Double B plus with  Negative outlook; ISSUER 
SHM SHIPCARE PRIVATE LIMITED,pr-SHM-Shipcare-5june24.pdf,stable,7.0,Assigned/  Outlook  Long Term Bank  Facilities – Term  Loan  --  --  --   0.30  IVR BBB/ Stable 
SHREE BALAJI ALUMNICAST PRIVATE LIMITED,pr-ShreeBalaji-Alumnicast-14feb2024.pdf,positive,1.0,(IVR Triple B Minus  with Positive Outlook) 
SHREE BANKE BIHARI ISPAT PRIVATE LIMITED,PR-SBBIPL-30AUG2023.pdf,stable,7.0,Rating Assigned/ Outlook Term Loan - - Oct-2025 2.93 * IVR BBB / Stable
SHREE NAKODA ISPAT LIMITED,pr-shree-nakoda-2aug23.pdf,stable,1.0,IVR A-/ Stable  outlook (IVR  Single A minus  with Stable 
SHREE NAKODA PIPE IMPEX PRIVATE LIMITED,pr-ShreeNakoda-PipeImplex-4apr24.pdf,stable,1.0,IVR BBB-/ Stable  outlook (IVR Triple B  Minus with Stable 
SHREE RUPANADHAM STEEL PRIVATE LIMITED,PR-SRSPL-30AUG2023.pdf,stable,7.0,Rating Assigned/ Outlook Term Loan I - - Sep-2024 1.61 * IVR BBB / Stable
SHREE SHAKTI IRON & ALLOYS PRIVATE LIMITED,pr-ShreeShakti-IronAlloys-8jan24.pdf,stable,7.0,Assigned/  Outlook  Cash Credit  -  -  -  42.50  IVR BBB-; Stable 
SHREE TIRUPATI BALAJEE AGRO TRADING COMPANY LIMITED,pr-ShreeTirupati-BalajeeAgro-23feb24.pdf,positive,1.0,(IVR Triple B with  Positive Outlook) 
SHREE TIRUPATI BALAJEE FIBC LIMITED,pr-ShreeTirupati-BalajeeFIBC-26feb24.pdf,positive,1.0,(IVR Triple B with  Positive Outlook) 
SHREEM ELECTRIC LIMITED,pr-Shreem-Electric-21may24.pdf,stable,1.0,(IVR Double B Plus  with Stable Outlook) 
SHREYAS SORTEX INDUSTRIES PRIVATE LIMITED,pr-Shreyas-SortexIndustries-1apr24.pdf,stable,1.0,(IVR Triple B Plus   with Stable outlook) 
SHRI BAJRANG ALLIANCE LIMITED,pr-ShriBajrang-Alliance-10may24.pdf,negative,1.0,(IVR Triple B with  Negative Outlook) 
SHRI DHANALAKSHMI SPINNTEX PRIVATE LIMITED,pr-Shri-Dhanalakshmi-22sep23.pdf,stable,7.0,Assigned/  Outlook  Cash Credit  -  -  -  18.00  IVR BBB- /Stable 
SHRI KESHAV CEMENTS AND INFRA LIMITED,pr-ShriKeshav-Cements-12jan24.pdf,positive,1.0,costs related risk and intense competitive industry.  The positive outlook reflects overall improvement in the credit profile and likely to continue at 
SHRI MAA MARKETING PRIVATE LIMITED,pr-ShriMaa-Marketing-5apr24.pdf,stable,1.0,(IVR Triple B Minus  with Stable Outlook) 
SHRI RATHNA AKSHAYA ESTATES PRIVATE LIMITED,pr-ShriRathna-Akshaya-19jun23.pdf,stable,1.0,"Triple B Plus with Stable  Outlook    Rating reaffirmed,  outlook revised to  stable and removal "
SHRI SWAMI SAMARTH ENGINEERS LIMITED,pr-ShriSwami-Samarth-19mar24.pdf,stable,1.0,(IVR Triple B with  Stable Outlook) 
SHRI VENKATESH REFINERIES LIMITED,pr-ShriVenkatesh-Refineries-23may24.pdf,stable,1.0,(IVR Triple B Minus  with Stable Outlook) 
SHRINIWAS SPINTEX INDUSTRIES PRIVATE LIMITED,PR-SSIPL-05OCT2023.pdf,stable,1.0,Minus with Stable Outlook)
SHRUSHTI CONTECH PRIVATE LIMITED,pr-shrushti-contech-8aug23.pdf,stable,1.0,IVR BBB- / Stable  Outlook [IVR Triple B  Minus with Stable 
SHUBHAM CHEMICALS AND SOLVENTS LIMITED,pr-ShubhamChemicals-Solvents-27feb24.pdf,stable,1.0,(IVR Triple B with  Stable outlook) 
SHUBHAM K-MART PRIVATE LIMITED,pr-Shubham-KMart-6sep23.pdf,stable,1.0,(IVR Triple B plus  with Stable outlook) 
SIDDHI COTSPIN LIMITED,pr-Siddhi-Cotspin-10apr24.pdf,stable,1.0,(IVR Triple B minus with  stable outlook) 
SIDDHI INDUSTRIES LIMITED,pr-Siddhi-Industries-21dec23.pdf,stable,1.0,[IVR Double B Plus with  Stable Outlook] 
SIDDHI WEAVES PRIVATE LIMITED,pr-Siddhi-Weaves-27mar24.pdf,stable,1.0,(IVR Triple B minus with  stable outlook)  
SIGNET INDUSTRIES LIMITED,pr-Signet-Industries-20may24.pdf,stable,1.0,(IVR Triple B plus with  Stable Outlook) 
SIVADHARSHINI PAPERS PRIVATE LIMITED,pr-Sivadharshini-Papers-22jan24.pdf,negative,6.0,Rating Assigned/  Outlook  Term Loan  -  -  2034  20.44  IVR BBB-/  Negative 
SIVAGURU SPINNING MILLS PRIVATE LIMITED,pr-Sivaguru-SpinningMills-2jan24.pdf,negative,1.0,(IVR B Plus with  Negative Outlook; 
SIVANTA SPUNTEX PRIVATE LIMITED,pr-Sivanta-6mar24.pdf,stable,1.0,IVR BB+/Stable  Outlook (IVR  Double B Plus  with Stable 
SKS INFRA PROJECTS PRIVATE LIMITED,pr-SKS-infraprojects-5feb24.pdf,stable,1.0,(IVR Triple B Minus  with Stable outlook) 
SKYZ STONES PRIVATE LIMITED,pr-Skyz-Stones-12feb24.pdf,stable,1.0,(IVR Double B with  Stable Outlook) 
SNEH POLYMERS PRIVATE LIMITED,pr-Sneh-Polymers-29mar24.pdf,stable,1.0,Infomerics Ratings and Valuation Private Limited (IVR) has assigned the long-term rating of  IVR BB+ with a Stable outlook and short-term rating of IVR A4+ for the bank facilities of Sneh 
SOBHAYGYA MERCANTILE LIMITED,pr-Sobhaygya-Mercantile-30may23.pdf,stable,5.0,Assigned/  Outlook  Term Loan  -  -  Nov 25  1.46  IVR BBB-/  Stable 
SP SAI IT PRIVATE LIMITED,pr-SP-SaiIT-16may24.pdf,stable,1.0,(IVR Triple B Minus with  Stable Outlook) 
SP SUGAR & AGRO PRIVATE LIMITED,pr-SP-Sugar-Agro-31jan24.pdf,stable,1.0,minus with  Stable Outlook) 
SPARSH INDUSTRIES PRIVATE LIMITED,pr-Sparsh-Industries-20apr24.pdf,stable,1.0,(IVR Double B Plus  with Stable Outlook) 
SPECTRA & STAR CONVERGENCE LIMITED,pr-Spectra-Star-Convergence-12feb24.pdf,positive,1.0,with Stable  Outlook)  IVR BBB/  Positive  
SPONGE ENTERPRISES PRIVATE LIMITED,pr-Sponge-Enterprises-24apr24.pdf,stable,1.0,(IVR Double B with  Stable Outlook) 
SPONGE SALES INDIA PRIVATE LIMITED,pr-SpongeSales-8dec23.pdf,stable,1.0,(IVR Double B Plus with  Stable outlook) 
SPRAY ENGINEERING DEVICES LIMITED,pr-spray-engineering-27sep23.pdf,stable,1.0,with Stable  Outlook)   IVR BBB- /Stable (IVR 
SRC COMPANY INFRA PRIVATE LIMITED,pr-SRC-Company-18apr24.pdf,stable,1.0,(IVR Triple B   With Stable Outlook) 
SREE MURALI MOHANA BOILED AND RAW RICE MILL PRIVATE LIMITED,pr-SreeMurliMohan-Boiledrice-5feb24.pdf,stable,1.0,with Negative  Outlook)  IVR  BBB+/Stable 
SREE RENGARAJ ISPAT INDUSTRIES PRIVATE LIMITED,pr-SreeRengaraj-IspatIndustries-30apr24.pdf,stable,1.0,(IVR Triple B Minus  with Stable Outlook) 
SRI AISHWARYA REFINERY PRIVATE LIMITED,pr-SriAishwarya-30aug23.pdf,stable,1.0,reaffirmed and  outlook revised  Simple  Total   58.10     (Rupees Fifty-Eight crore and Ten lakh)    Details of Facilities are in Annexure 1  Detailed Rationale  The revision of outlook to Negative from Stable reflects substantial declined in revenue in 
SRI BHAGIRATH TEXTILES LIMITED,pr-SriBhagirath-Textiles-5jan24.pdf,stable,1.0,with Stable  Outlook)  Assigned  Simple  Long term fund  based facility –   Cash Credit  75.00  IVR BBB+/ Stable 
SRI RAM CABLES PRIVATE LIMITED,pr-SriRam-Cables-23may24.pdf,stable,1.0,(IVR Tripe B Minus  with Stable Outlook) 
SRI SAINATH INDUSTRY PRIVATE LIMITED,pr-Sainath-Industries-3jan24.pdf,negative,1.0,(IVR Triple B with  Negative outlook)   
SRI VASUDEVA TEXTILES PRIVATE LIMITED,pr-SriVasudeva-Textiles-20oct23.pdf,Outlook Position is not detected,,
SRK CONSTRUCTIONS AND PROJECTS PRIVATE LIMITED,pr-srk-constructions-20july23.pdf,positive,1.0,with Negative  Outlook; Issuer Not  Cooperating*)  Revised from IVR  BBB; Positive (IVR 
STANDARD MOTOCORP PRIVATE LIMITED,pr-Standard-Motocorp-27oct23.pdf,stable,1.0,(IVR Triple B Minus  with Stable Outlook) 
STARWING DEVELOPERS PRIVATE LIMITED,pr-Starwing-Developers-22mar24.pdf,stable,1.0,Double B Plus with  Stable Outlook) 
STRATEGIC INFRA SERVICES PRIVATE LIMITED,pr-Strategic-InfraServices-16apr24.pdf,stable,1.0,(IVR Double B Plus  With Stable Outlook) 
SUBAYA CONSTRUCTIONS COMPANY LIMITED,pr-Subaya-Constructions-13jun23.pdf,stable,1.0,Stable   Outlook  (IVR Triple   B minus  with Stable  
SUDARSHAN PHARMA INDUSTRIES LIMITED,PR-SPIL-01DEC2023.pdf,stable,1.0,Minus with Stable Outlook)
SUDHARMA INFRATECH PRIVATE LIMITED,pr-sudharma-infratech-17aug23.pdf,stable,1.0,with Stable  Outlook)  Reaffirmed.    Simple  Long term Bank  Facilities  Cash Credit  8.00  IVR BBB-/ Stable 
SUGEE REALTY & DEVELOPERS (INDIA) PRIVATE LIMITED,PR-Sugee-12032024.pdf,stable,1.0,(IVR Triple B with  Stable outlook) 
SUMEET GEMS AND JEWELLERS PRIVATE LIMITED,pr-Sumeet-GemsJewellers-sep23.pdf,stable,1.0,(IVR Triple B plus  with Stable outlook) 
SUMEET SYNFAB INDIA PRIVATE LIMITED,pr-Sumeet-Synfab-6sep23.pdf,stable,1.0,(IVR Triple B plus  with Stable outlook) 
SUNCITY METALS AND TUBES PRIVATE LIMITED,pr-SuncityMetals-Tubes-4mar24.pdf,stable,1.0,(IVR Single A minus  with Stable outlook)   
SUNNY INFRAPROJECTS PRIVATE LIMITED,pr-sunny-infraprojects-18sep23.pdf,stable,1.0,(IVR Triple B Minus with  Stable outlook) 
SUPREME AUTO CARRIER PRIVATE LIMITED,pr-Supreme-AutoCarrier-10may24.pdf,stable,1.0,minus with  Stable Outlook) 
SURESH INDU LASERS PRIVATE LIMITED,pr-Suresh-InduLasers-29apr24.pdf,stable,1.0,(IVR Double B with  Stable Outlook) 
SURYA FERROUS ALLOYS PRIVATE LIMITED,pr-Surya-Ferrous-3jan24.pdf,stable,1.0,(IVR Triple B minus With  Stable Outlook) 
SUVARNA SHILPI JEWELLERS PRIVATE LIMITED,pr-Suvarna-ShilpiJewellers-30apr24.pdf,negative,1.0,with Negative  Outlook)  Rating Reaffirmed  and Outlook  revised to  negative from 
SVP INDUSTRIES LIMITED,pr-SVP-Industries-1apr24.pdf,stable,1.0,(IVR Triple B Minus with  Stable Outlook) 
SWARUP ROLLING MILLS PRIVATE LIMITED,pr-Swarup-RollingMills-1mar24.pdf,stable,6.0,Rating Assigned/  Outlook  Cash Credit  -  -  -  42.00  IVR BB/ Stable 
SWASTIK PIPE LIMITED,pr-Swastik-Pipe-6may2024.pdf,stable,1.0,(IVR Triple B Minus  with Stable outlook) 
SYNERGENE ACTIVE INGREDIENTS PRIVATE LIMITED,pr-Synergene-active-22dec23.pdf,stable,1.0,with Negative  outlook; ISSUER  NOT  COOPERATING)  Revised from IVR  BBB- (IVR Triple B  Minus) with revision in  outlook from Stable to 
T R SAWHNEY AUTOMOBILES PRIVATE LIMITED,pr-TRSawhney-Automobile-19feb24.pdf,stable,1.0, (IVR Triple B Plus  with Stable Outlook) 
T.R. SAWHNEY MOTORS PRIVATE LIMITED,pr-TRSawhney-Motors-19feb24.pdf,stable,1.0, (IVR Triple B Plus  with Stable Outlook) 
TANVI FOODS (INDIA) LIMITED,pr-Tanvi-Foods-24may24.pdf,negative,1.0,(IVR B plus with  negative outlook 
TASSOS CONSTRUCTION PRIVATE LIMITED,pr-Tassos-Construction-12mar24.pdf,negative,5.0,Rating Assigned/  Outlook  Long term bank  facilities – Cash  Credit  -  -  -  35.00  IVR B+/ Negative; 
TEHRI PULP AND PAPER LIMITED,pr-Tehri-PulpPaper-5jan24.pdf,stable,1.0,(IVR Triple B Minus  with Stable Outlook) 
THAKUR INFRA PROJECTS PRIVATE LIMITED,PR-TIPL-27OCT2023.pdf,stable,1.0,(IVR A Minus with Stable Outlook)
TI MEDICAL PRIVATE LIMITED,pr-Nayati-Medical-29dec23.pdf,negative,1.0,Single C with  Negative outlook 
TINNA TRADE LIMITED,pr-Tinna-Trade-26sep23.pdf,stable,1.0,IVR BB- / Stable (IVR Double  B minus with Stable Outlook) 
TIRUPATI MINERALS PRIVATE LIMITED,pr-Tirupati-Minerals-7feb24.pdf,stable,1.0,(IVR Triple B Minus  with Stable Outlook) 
TIRUPATI OIL CAKE INDUSTRIES PRIVATE LIMITED,pr-TOCIPL-7nov2023.pdf,negative,1.0,(IVR Double B with  Negative outlook; 
TIRUPATI TRADELINKS PRIVATE LIMITED,pr-Tirupati-tradelinks-28aug23.pdf,stable,1.0,(IVR Double B with  Stable Outlook) 
TITANIUM VITRIFIED PRIVATE LIMITED,pr-titanium-vitrified-31aug23.pdf,stable,7.0,Assigned/  Outlook  Cash Credit   -  -  -  6.00  IVR BBB-/  Stable 
TIWARTA COAL BENEFICIATION LIMITED,pr-Tiwarta-CoalBenefication-26apr24.pdf,stable,1.0,(IVR Triple B Minus with  Stable outlook) 
TPS INFRASTRUCTURE LIMITED,pr-TPS-Infrastructure-11dec23.pdf,stable,1.0,IVR BBB/Stable  Outlook (IVR  Triple B with  Stable Outlook) 
TRACK COMPONENTS LIMITED,pr-Track-Components-12jan23.pdf,positive,1.0,(IVR double B plus with  Positive Outlook) 
TRIMULA INDUSTRIES LIMITED,pr-Trimula-Industries-24apr24.pdf,stable,1.0,(IVR Double B Minus  with Stable Outlook) 
TSR NIRMAAN PRIVATE LIMITED,pr-TSR-Nirmaan-27mar24.pdf,negative,1.0,positive  outlook)  Upgraded from IVR  BB+/ Negative 
TULIP COMPRESSION PRIVATE LIMITED,pr-Tulip-Compression-20may24.pdf,stable,1.0,(IVR Triple B with  Stable outlook) 
TULJABHAVANI PAPER MILLS PRIVATE LIMITED,PR-TPMPL-06032024.pdf,stable,1.0,(IVR Triple B Minus  with Stable Outlook) 
UBITECH PRIVATE LIMITED,pr-Ubitech-17may24.pdf,stable,1.0,IVR BBB-/Stable  Outlook (IVR  Triple B minus  with stable 
UCN CABLE NETWORK PRIVATE LIMITED,PR-UCN-Cable-13032024.pdf,stable,1.0,IVR A-/Stable  Outlook  (Pronounced as IVR  A Minus with Stable 
UDIT INFRAWORLD PRIVATE LIMITED,pr-Udit-Infraworld-3apr24.pdf,stable,1.0,(IVR Triple B/ Stable  Outlook)  Reaffirmed  Simple  Long Term Bank  Facility – Cash Credit  (Standby Line of  Credit)    2.00  IVR BBB/ Stable 
UNIQUE CHAINS PRIVATE LIMITED,pr-Unique-Chains-5june24.pdf,positive,1.0,IVR BBB- / Positive  Outlook  [IVR Triple B Minus  with Positive Outlook] 
UNIQUE ENGINEERS PRIVATE LIMITED,pr-Unique-Engineers-2apr24.pdf,stable,1.0,(IVR Triple B Minus  with stable outlook)  
UNIQUE INFRAENGINEERING INDIA PRIVATE LIMITED,pr-UIEIPL-20dec23.pdf,stable,1.0,(IVR Triple B minus  With Stable Outlook) 
UNIVASTU INDIA LIMITED,pr-Univastu-India-16may24.pdf,stable,6.0,Assigned/  Outlook  Long Term Fund Based  Facilities – Cash credit   -  -  -  19.00  IVR  BB/Stable  
UNIVERSAL EDU-INFRA SERVICES PRIVATE LIMITED,PR-UEISPL-6feb24.pdf.pdf,stable,1.0,(IVR Triple B Plus  with Stable Outlook) 
UNIVERSAL STARCH CHEM ALLIED LIMITED,PR-USCAL-13032024.pdf,negative,1.0, (IVR Double B Plus  with Negative Outlook; 
UTKARSH BARS PRIVATE LIMITED,pr-Utkarsh-Bars-1mar24.pdf,negative,1.0,(IVR Double B Plus  with Negative Outlook 
UTSSAV CZ GOLD JEWELS LIMITED,pr-Utssav-CZGold-7jun23.pdf,stable,1.0,Stable  Outlook)  Revised from  IVR BB+/  Stable (IVR 
UTTAM INDUSTRIAL ENGINEERING PRIVATE LIMITED,Pr-UIEPL-22apr24.pdf,negative,1.0,Negative  Outlook; Issuer  not Cooperating)  IVR BB- /Negative; 
V-MARC INDIA LIMITED,PR-VMIL-11032024.pdf,Outlook Position is not detected,,
VAHINI IRRIGATION PRIVATE LIMITED,pr-Vahini-Irrigation-28may24.pdf,positive,1.0,(IVR Triple B with  positive Outlook) 
VAIBHAV GINNING AND SPINNING MILL PRIVATE LIMITED,pr-Vaibhav-Ginning-13sep23.pdf,stable,1.0,IVR BB/ Stable  outlook (IVR  Double B with  Stable outlook) 
VAJRAM ESTATES PRIVATE LIMITED,pr-Vajram-Estates-28sep23.pdf,stable,1.0,(IVR Triple B with  Stable Outlook) 
VALUE ADDED FASHION FABRICS PRIVATE LIMITED,pr-ValueAdded-FashionFabrics-26oct23.pdf,stable,1.0,(IVR Double B Plus  with Stable Outlook) 
VANDANA GLOBAL LIMITED,pr-Vandana-Global-30mar24.pdf,stable,1.0,with Negative  Outlook)  Reaffirmed with  outlook changed  from Stable to 
VATIKA LIMITED,pr-Vatika-Limited-6feb24.pdf,negative,4.0,Rating Assigned/  Outlook  Bank Guarantee*  --  --  --  164.57  IVR B- /Negative/INC 
VCM MOTORS AGENCIES PRIVATE LIMITED,Pr-VCM-Motors-23apr24.pdf,stable,1.0,(IVR Double B with  Stable outlook) 
VEDX INTERNATIONAL PRIVATE LIMITED,pr-Vedx-International-21dec23.pdf,negative,1.0,Double B Plus with  Negative outlook; 
VEER PLASTICS PRIVATE LIMITED,pr-Veer-Plastics-6may24.pdf,negative,1.0,(IVR Triple B Plus with  Negative outlook; 
VETRIVEL EXPLOSIVES PRIVATE LIMITED,pr-vetrivel-explosives-5jul23.pdf,stable,1.0,with Stable  Outlook)  Revised  Simple  Long term Bank  Facilities – Cash Credit  35.00  (increased from  Rs.5.00 crore)  IVR BB / Stable 
VICTORA AUTO PRIVATE LIMITED,pr-Victora-Auto-27dec23.pdf,stable,1.0,(IVR Single A Minus with  Stable Outlook) 
VICTORA AUTOMOTIVE PRIVATE LIMITED,pr-Victora-Automotive-27dec23.pdf,negative,1.0,Minus with Stable  Outlook)  IVR  BB/Negative: 
VIDYA INFRABUILT PRIVATE LIMITED,pr-vidya-infrabuilt-31aug23.pdf,stable,1.0,Minus; with  Stable Outlook) 
VIJAY KUMAR MISHRA CONSTRUCTION PRIVATE LIMITED,pr-VijayKumar-MishraConstruction-21dec23.pdf,stable,8.0,Rating Assigned/  Outlook  Cash Credit 1  -  -  -  9.00#  IVR BBB+/ Stable 
VIJAY TRANSMISSION PRIVATE LIMITED,PR-Vijay-Transmission-15032024.pdf,stable,1.0,(IVR Triple B Minus with  Stable Outlook)  
VIJAYNEHA POLYMERS PRIVATE LIMITED,pr-Vijayneha-Polymers-26dec23.pdf,stable,1.0,(IVR Triple B with  Stable Outlook) 
VIKAS LIFECARE LIMITED,pr-Vikas-Lifecare-22feb24.pdf,stable,1.0,[IVR Double B with  Stable Outlook/ IVR A 
VIKAS METALIKS AND ENERGY LIMITED,pr-VikasMetaliks-29may24.pdf,stable,1.0,(IVR Triple B Minus  with Stable outlook) 
VIKRAM INFRATECH DEVELOPERS PRIVATE LIMITED,pr-Vikram-Infratech-3may24.pdf,stable,7.0,Assigned/  Outlook  Short Term Bank  Facilities – Bank  Guarantee  –  –  --  12.24  IVR BBB-/  Stable 
VIMAL PLAST (INDIA) PRIVATE LIMITED,pr-Vimal-Plast-23jun23.pdf,stable,1.0,(IVR Double B Minus  with Stable Outlook) 
VINDESHWARI EXIM PRIVATE LIMITED,pr-Vindeshwari-Exim-25oct23.pdf,stable,1.0,IVR B+/Stable  Outlook  (IVR Single B Plus  with Stable 
VINEET POLYFAB PRIVATE LIMITED,pr-Vineet-Polyfab-3may24.pdf,stable,1.0,with Stable  Outlook]  IVR BBB+/  Stable 
VINSUM AXPRESS INDIA PRIVATE LIMITED,pr-Vinsum-Axpress-27sep23.pdf,stable,1.0,(IVR Triple B Minus with  Stable outlook) 
VIRAJ PROFILES PRIVATE LIMITED,PR-Viraj-Profiles-7mar24.pdf,stable,1.0,(IVR A with  Stable outlook; 
VISHVAS POWER ENGINEERING SERVICES PRIVATE LIMITED,pr-VishvasPower-Engineering-13nov23.pdf,stable,6.0,Assigned/  Outlook  Term Loan 1  -  -  FY25  0.87  IVR BBB-/ Stable 
VISHWA SAMUDRA ENGINEERING PRIVATE LIMITED,pr-VishwaSamudra-Engineering-26feb24.pdf,stable,1.0,(IVR Single A with  Stable Outlook) 
VISHWA SAMUDRA KANNUR EXPRESSWAY PRIVATE LIMITED,pr-VishwaSamudra-Kannur-20feb24.pdf,stable,1.0,(IVR Triple B Plus with  Stable Outlook) 
VISHWA SAMUDRA OACHIRA EXPRESSWAY PRIVATE LIMITED,pr-VSOEPL-jun23.pdf,stable,1.0,(IVR Triple B Plus  with Stable Outlook) 
VIVIID RENEWABLES PRIVATE LIMITED,pr-Viviid-Renewables-19jan24.pdf,stable,1.0,(IVR Triple B minus  with Stable Outlook) 
VOORA PROPERTY DEVELOPERS PRIVATE LIMITED,pr-VooraProperty-Developers-6may24.pdf,stable,1.0,(IVR Triple B Minus  with Stable Outlook) 
VRAJ METALIKS PRIVATE LIMITED,pr-Vraj-metalinks-29mar24.pdf,negative,1.0,with Stable  Outlook)  Upgraded and removed  from IVR BB+; Negative; 
VRV FOODS LIMITED,pr-VRV-Foods-28jun23.pdf,Outlook Position is not detected,,
WANBURY LIMITED,pr-Wanbury-22sep23.pdf,negative,1.0,IVR B/Negative  Outlook; ISSUER  NOT  COOPERATING*  (IVR B with Negative 
WOODFIELD SYSTEMS INTERNATIONAL PRIVATE LIMITED,pr-Woodfield-Systems-1dec23.pdf,stable,1.0,(IVR Triple B Minus  with Stable Outlook) 
YEOMAN MARINE SERVICES PRIVATE LIMITED,pr-Yeoman-MarineServices-5apr24.pdf,stable,1.0,IVR BBB- / Stable  Outlook  (IVR Triple B minus  with Stable Outlook) 
YUG INTERNATIONAL PRIVATE LIMITED,pr-Yug-International-17may24.pdf,negative,2.0,166.00 crore and moved it to ‘ISSUER NOT COOPERATING’ category. The rating is now  denoted as IVR BB+/ Negative Outlook; ISSUER NOT COOPERATING for the long-term bank 
Z V STEELS PRIVATE LIMITED,pr-ZV-Steels-29mar24.pdf,stable,1.0,(IVR triple B minus  with Stable outlook) 
ZENITH METAPLAST PRIVATE LIMITED,pr-zenith-metaplast-8aug23.pdf,stable,1.0,(IVR Double B plus  with Stable outlook) 
ZIRCON TECHNOLOGIES (INDIA) LIMITED,pr-Zircon-Technologies-22may2023.pdf,stable,1.0,with Stable  Outlook)  IVR BBB/  Stable 
