Company,File,Liquidity Position,Page,Context
A 2 Z AUTO WHEELS PRIVATE LIMITED,pr-A2Z-AutoWheels-7feb24.pdf,Stretched,3.0,  Liquidity : Stretched 
A K SHIVHARE INFRASTRUCTURE PRIVATE LIMITED,pr-AKShivhare-28mar24.pdf,Adequate,4.0,      Criteria on complexity  Liquidity – Adequate 
A-1 FACILITY AND PROPERTY MANAGERS PRIVATE LIMITED,pr-A1Facility-24apr24.pdf,Strong,2.0,any deterioration in working capital cycle leading to deterioration in credit profile and  the liquidity.  •  Weakening of linkages with its parent    Key Rating Drivers with detailed description  Key Rating Strengths:  Strong linkages parent: 
A1 AGRI GLOBAL LIMITED,pr-Agri-Global-27dec23.pdf,Adequate,1.0,"favourable demand outlook for the edible oil sector in India, with the company’s focus on the  HoReCa segment and adequate liquidity. "
AARRYAVEER OIL INDUSTRIES PRIVATE LIMITED,pr-aarryaveer-oil-industries-25jul23.pdf,Adequate,4.0,  Liquidity: Adequate 
AARTI SPONGE AND POWER LIMITED,pr-AartiSponge-5apr24.pdf,Adequate,4.0,  Liquidity – Adequate 
AASTHA SPINTEX PRIVATE LIMITED,pr-Aastha-Spintex-8may24.pdf,Liquidity Position is not detected,,
ACC INDIA PRIVATE LIMITED,pr-ACC-India-21dec23.pdf,Adequate,4.0,  Liquidity: Adequate  
ACCURATE INDUSTRIAL CONTROLS PRIVATE LIMITED,PR-AICPL-29mar2024.pdf,Adequate,3.0,  Liquidity – Adequate 
ACME COMMODITIES PRIVATE LIMITED,pr-Acme-Commodities-22may24.pdf,Liquidity Position is not detected,,
ADISHAKTI SMELTERS PRIVATE LIMITED,pr-Adishakti-Smelters-30apr24.pdf,Adequate,4.0,  Liquidity: Adequate 
ADVANCE INFRASTRUCTURES PRIVATE LIMITED,pr-Advance-Infrastructure-23feb24.pdf,Adequate,1.0,"profitability margins. The ratings also factors in its healthy financial position characterized by  conservative leverage, robust debt coverage and adequate liquidity. These strengths are "
ADWALPALKAR CONSTRUCTIONS AND RESORTS PRIVATE LIMITED,pr-Adwalpalkar-Construction-21mar24.pdf,Adequate,3.0,  Liquidity – Adequate 
AEQUS PRIVATE LIMITED,pr-Aequs-20may24.pdf,Liquidity Position is not detected,,
AGRASEN ISPAT PRIVATE LIMITED,pr-Agrasen-Ispat-8jan24.pdf,Strong,2.0,•  Moderation in liquidity  List of Key Rating Drivers with Detailed Description  Key Rating Strengths  •  Parentage of the Agrasen group and strong support from group synergy 
AGRAWAL DISTILLERIES PRIVATE LIMITED,pr-Agrawal-Distilleries-09oct23.pdf,Adequate,4.0,  Liquidity – Adequate 
AGRAWAL INFRABUILD PRIVATE LIMITED,pr-Agrawal-Infrabuild-20sep23.pdf,Strong,5.0,  Liquidity - Strong 
AGRIFLO FOODS PRIVATE LIMITED,pr-Agriflo-Foods-3apr24.pdf,Stretched,4.0,Criteria on complexity  Liquidity: Stretched  
AGRIGO TRADING PRIVATE LIMITED,pr-Agrigo-Trading-19sep23.pdf,Adequate,4.0,  Liquidity – Adequate 
AJAYDEEP INFRACON PRIVATE LIMITED,pr-Ajaydeep-Infracon-27apr24.pdf,Adequate,3.0,  Liquidity – Adequate 
AJEET SEEDS PRIVATE LIMITED,pr-Ajeet-Seeds-12oct23.pdf,Strong,1.0,-  Sustenance of strong financial risk profile and liquidity 
AKAR AUTO INDUSTRIES LIMITED,pr-Akar-AutoIndustries-4dec23.pdf,Adequate,5.0,  Liquidity - Adequate 
AKSHAT PAPERS LIMITED,pr-Akshat-Papers-8apr24.pdf,Adequate,4.0,   Liquidity – Adequate  
AL NOOR AGRI FRESH PRIVATE LIMITED,pr-Al-noor-5oct23.pdf,Liquidity Position is not detected,,
ALKA CHEMI-PACK PRIVATE LIMITED,pr-AlkaChemi-Pack-7nov23.pdf,Adequate,2.0,Financial Ratios & Interpretation (Non-Financial Sector)   Liquidity: Unable to comment due to lack of adequate information.  
ALL SERVICES GLOBAL PRIVATE LIMITED,PR-ASGPL-28062023.pdf,Adequate,5.0,  Liquidity: Adequate  
ALLIED ENGINEERING WORKS PRIVATE LIMITED,pr-Allied-EngineeringWorks-16feb24.pdf,Liquidity Position is not detected,,
ALOK BUILDTECH PRIVATE LIMITED,pr-Alok-Buildtech-mar24.pdf,Liquidity Position is not detected,,
AMBANI ORGANICS LIMITED,pr-Ambani-Organics-24apr24.pdf,Adequate,4.0,  Liquidity – Adequate 
AMBASHAKTI INDUSTRIES LIMITED,pr-AmbaShakti-industries-1apr24.pdf,Liquidity Position is not detected,,
AMBIENCE COMMERCIAL DEVELOPERS PRIVATE LIMITED,pr-Ambience-Commercial-3may24.pdf,Adequate,3.0,  Liquidity – Adequate 
AMBIENCE FACILITIES MANAGEMENT PRIVATE LIMITED,Pr-AFMPL-01may24.pdf,Adequate,3.0,  Liquidity – Adequate 
AMBIENCE HOTELS & RESORTS PRIVATE LIMITED,pr-Ambience-Hotels-8jan24.pdf,Adequate,3.0,  Liquidity – Adequate 
AMIR CHAND JAGDISH KUMAR (EXPORTS) LIMITED,pr-AmirChand-25may24.pdf,Adequate,5.0,  Liquidity – Adequate 
AMIT BUILDWELL PRIVATE LIMITED,pr-Amit-Buildwell-2nov23.pdf,Adequate,4.0,  Liquidity – Adequate 
AMITASHA ENTERPRISES PRIVATE LIMITED,pr-amitasha-enterprises-1feb24.pdf,Strong,2.0,"•  Any decline in revenue and/or profitability leading to deterioration in liquidity position  and/or debt protection metrics.    Key Rating Strengths   Experience promoters and management team  The Company is being managed by experienced directors, Mr. Rajendra Singh (Managing  Director) and Mr. Yogendra. M. Singh (Director). Collectively, they have rich experience in the  particular industry and are instrumental in setting up and developing the Company. Having  operated in industry since years now, the promoters have established a strong network with "
AMRIT PAPERS PRIVATE LIMITED,pr-amrit-papers-25jul23.pdf,Adequate,5.0,  Liquidity – Adequate 
AMRUT DISTILLERIES PRIVATE LIMITED,pr-Amrut-Distilleries-28mar24.pdf,Strong,4.0,       Criteria on complexity  Liquidity: Strong 
ANAMIKA SUGAR MILLS PRIVATE LIMITED,pr-Anamika-SugarMiils-13dec23.pdf,Adequate,4.0,  Liquidity –Adequate 
ANANDA DAIRY LIMITED,pr-Ananda-Dairy-16may24.pdf,Adequate,4.0,  Liquidity –Adequate 
ANANDA PROTEIN LIMITED,pr-Ananda-Protein-19dec23.pdf,Stretched,2.0,"Significant growth in scale of business with improvement in profitability metrics thereby  leading to overall improvement in cash accruals, debt protection metrics and liquidity  position on a sustained basis.  -  Improvement working capital cycle by better management of receivables.  Downward Factors  -  Substantial decline in operating income and cash accrual, a stretch in the working  capital cycle driven by stretched receivables, or any change in capital structure which "
ANANT RAJ LIMITED,pr-anant-raj-18aug23.pdf,Adequate,3.0,Criteria for Assigning Rating Outlook  Liquidity – Adequate 
ANG LIFESCIENCES INDIA LIMITED,pr-ANG-Lifesciences-21feb24.pdf,Liquidity Position is not detected,,
ANITHA TEXCOT (INDIA) PRIVATE LIMITED,pr-Anitha-Texcot-15apr24.pdf,Strong,2.0,"•  Elongation in operating cycle impacting liquidity     List of key rating driver with detailed description   Key rating Strengths:   •  Extensive experience of the promoters   The company’s current promoters have extensive experience of more than two decades in the  textile industry, which enables it to carry out its operations efficiently. The company will  continue to benefit from its promoters’ extensive experience and their strong understanding of "
ANKUR CHEMFOOD LIMITED,pr-Ankur-Chemfood-20mar24.pdf,Adequate,3.0,      Criteria on complexity  Liquidity – Adequate 
ANNAPOORANI TEXTILES PRIVATE LIMITED,pr-Annapoorani-Textiles-18sep23.pdf,Poor,2.0,-  Elongation in the operating cycle impacting the liquidity.  -  More than expected moderation in the capital structure.    List of Key Rating Drivers with Detailed Description  Key Rating Strengths  Long track record of operations under experienced promoters:  The company is promoted by Mr. B. Vasu and Mr. B. Jaishankar. Mr. B. Vasu is the Promoter  and Director of Annapoorani Textiles Private Limited and has been involved into 
ANNU PROJECTS PRIVATE LIMITED,pr-Annu-Projects-14dec23.pdf,Stretched,1.0,"Deterioration of key financials like overall gearing, debt protection metrics  ratio leading to stretched liquidity. "
APEX TARMAC PRIVATE LIMITED,pr-apex-tarmac-11jul23.pdf,Adequate,3.0,"regulatory changes, and policy paralysis, which had adversely impacted the financial and  liquidity profile of players in the industry. The focus of the government on infrastructure  development is expected to translate into business potential for the construction industry in the  long run.  Analytical Approach: Standalone  Applicable Criteria:  Rating Methodology for Infrastructure Companies   Financial Ratios & Interpretation Non- Financial Sector  Criteria for assigning rating outlook    Liquidity – Adequate "
APRN ENTERPRISES PRIVATE LIMITED,PR-APRN-12032024.pdf,Liquidity Position is not detected,,
ARETE CAPITAL SERVICE PRIVATE LIMITED,pr-Arete-CapitalService-19jan24.pdf,Adequate,3.0,  Liquidity – Adequate 
ARETE SECURITIES LIMITED,pr-Arete-Securities-29mar24.pdf,Adequate,3.0,  Liquidity – Adequate 
ARHAM WEALTH MANAGEMENT PRIVATE LIMITED,pr-Arham-Wealth-29dec23.pdf,Adequate,1.0,"strength from the experienced promoters, improvement in financial profile, comfortable  capitalization, and adequate liquidity. The rating is however constrained by high dependency "
ARISINFRA SOLUTIONS PRIVATE LIMITED,pr-Arisinfra-Solutions-8may24.pdf,Adequate,3.0,  Liquidity – Adequate 
ARJAN IMPEX PRIVATE LIMITED,pr-Arjan-Impex-29nov23.pdf,Liquidity Position is not detected,,
ARUNNACHALA IMPEX PRIVATE LIMITED,pr-Arunnachala-Impex-10apr24.pdf,Adequate,4.0,  Liquidity –Adequate 
ARYA TANKERS PRIVATE LIMITED,pr-Arya-Tankers-1feb24.pdf,Adequate,4.0,  LIQUIDITY: ADEQUATE 
ASANDAS AND SONS PRIVATE LIMITED,Pr-Asandas-Sons-10june24.pdf,Adequate,6.0,  Liquidity – Adequate 
ASCENT E DIGIT SOLUTIONS PRIVATE LIMITED,pr-Ascent-EDigitSolutions-21feb24.pdf,Adequate,5.0,  Liquidity – Adequate 
ASIAN FAB TEC LIMITED,Pr-AFTL-01may24.pdf,Adequate,5.0,  Liquidity – Adequate 
ASIAN SEALING PRODUCTS PRIVATE LIMITED,pr-Asian-SealingProducts-30apr24.pdf,Liquidity Position is not detected,,
ASIATIC COLOUR-CHEM INDUSTRIES PRIVATE LIMITED,pr-Asiatic-Colour-7may24.pdf,Liquidity Position is not detected,,
ASM INDUSTRIES (INDIA) PRIVATE LIMITED,pr-asm-industries-11jul23.pdf,Stretched,3.0,  Liquidity: Stretched 
ASSET HOMES PRIVATE LIMITED,pr-Asset-Homes-19mar2024.pdf,Adequate,3.0,  Liquidity – Adequate 
AURUM JEWELS LIMITED,pr-Aurum-Jewels-17may24.pdf,Adequate,4.0,  Liquidity: Adequate  
AUTOLITE (INDIA) LIMITED,pr-Autolite-india-25sep23.pdf,Liquidity Position is not detected,,
AVG LOGISTICS LIMITED,pr-AVG-Logistics-8jan2024.pdf,Liquidity Position is not detected,,
AVI ANSH ENTERPRISES PRIVATE LIMITED,pr-AviAnsh-Enterprises-10aug23.pdf,Stretched,3.0,Financial Ratios & Interpretation (Non- Financial Sector)  Liquidity – Stretched 
AVON TUBETECH PRIVATE LIMITED,pr-Avon-Tubetech-18mar24.pdf,Liquidity Position is not detected,,
AYOKI FABRICON PRIVATE LIMITED,PR-Ayoki-22april24.pdf.pdf,Liquidity Position is not detected,,
AYYAPPA INFRA PROJECTS PRIVATE LIMITED (UNDER PART IX),pr-Ayyappa-InfraProjects-30may24.pdf,Adequate,5.0,Criteria on complexity  Liquidity: Adequate 
BABULAL EDIBLE OILS PRIVATE LIMITED,pr-Babulal-EdibleOils-29nov23.pdf,Liquidity Position is not detected,,
BALAJI DAYALPURA INFRA PRIVATE LIMITED,pr-Balaji-Dayalpura-24nov23.pdf,Strong,2.0,"along with significant or sustained deterioration in debt protection parameters and /or  liquidity  List of Key Rating Drivers with Detailed Description  Key Rating Strengths  Experienced promoters   The promoters have more than fifteen years of experience in the field of road and bridge  construction services for the Government of Rajasthan. Benefits derived from the promoters’  experience along with their strong understanding of construction industry, and healthy "
BALIRAJA SAKHAR KARKHANA LIMITED,pr-Baliraja-Sakhar-6may24.pdf,Adequate,4.0,  Liquidity: Adequate 
BAMBINO AGRO INDUSTRIES LIMITED,pr-Bambino-27feb24.pdf,Adequate,3.0,  Liquidity – Adequate 
BANSAL SPINNING MILLS PRIVATE LIMITED,pr-Bansal-SpinningMills-13may24.pdf,Adequate,4.0,  Liquidity – Adequate 
BCL INDUSTRIES LIMITED,pr-BCL-Industries-8aug23.pdf,Adequate,5.0,  Liquidity –Adequate  
BEDMUTHA INDUSTRIES LIMITED,pr-bedmutha-industries-18aug23.pdf,Adequate,5.0,  Liquidity – Adequate 
BELGAUM SUGARS PRIVATE LIMITED,pr-Belgaum-Sugars-29mar24.pdf,Adequate,4.0,  Liquidity – Adequate 
BETA WIND FARM PRIVATE LIMITED,pr-Beta-WindFarm-20dec23.pdf,Liquidity Position is not detected,,
BHAGYALAXMI ROLLING MILL PRIVATE LIMITED,PR-BhagyalaxmiRolling-12032024.pdf,Adequate,5.0,  Liquidity – Adequate 
BHAIRAVNATH SUGAR WORKS LIMITED,pr-Bhairavnath-SugarWorks-5jun24.pdf,Adequate,3.0,  Liquidity –Adequate 
BHAKTI EXTRACTIONS PRIVATE LIMITED,pr-Bhakti-Extractions-23aug23.pdf,Strong,2.0,"Any decline in revenue & profitability leading to sustained decline in debt protection metrics  and or any deterioration in liquidity position    List of Key Rating Drivers with Detailed Description  Key Rating Strengths  Promoters’ extensive background in the solvent extraction sector  The promoters of BEPL have worked in the solvent extraction sector for about more than  decades. Mr. Atul Mantri manages the business on a daily basis. The company has been  engaged in the extraction of soybean oil and DOC, the management has established a strong "
BHARAT INDUSTRIAL ENTERPRISES PRIVATE LIMITED,pr-Bharat-Industrial-4jun24.pdf,Adequate,5.0,  Liquidity – Adequate 
BHARAT INSULATION COMPANY (INDIA) PRIVATE LIMITED,pr-Bharat-Insulation-20nov23.pdf,Adequate,3.0,  Liquidity: Adequate  
BHARAT REALTY VENTURE PRIVATE LIMITED,pr-Bharat-Realty-2feb24.pdf,Adequate,4.0,4   Liquidity – Adequate  
BHATIA ENERGY AND MINERALS PRIVATE LIMITED,pr-Bhatia-Energy-4apr24.pdf,Adequate,4.0,Criteria on complexity  Liquidity Position: Adequate 
BHAVANI SHIPPING SERVICES (INDIA) PRIVATE LIMITED,pr-Bhavani-Shipping-29nov23.pdf,Liquidity Position is not detected,,
BHIMJI VELJI SORATHIA CONSTRUCTION PRIVATE LIMITED,pr-BhimjiVelji-Sorathia-11jan24.pdf,Adequate,4.0,  Liquidity - Adequate 
BHOORATHNOM CONSTRUCTION COMPANY PRIVATE LIMITED,PR-Bhoorathnom-14mar2024.pdf,Adequate,1.0,"the experienced promoters & qualified management team, reputed clientele, past proven  projects execution capability, healthy order book and adequate liquidity. "
BIG BOY TOYZ LIMITED,pr-BigBoy-Toyz-11oct23.pdf,Strong,2.0,"Further elongation of working capital cycle, any decline in the revenue and/or  profitability leading to deterioration in liquidity position and impairment in debt  protection metrics.    List of Key Rating Drivers with Detailed Description    Key Rating Strengths  Strong commitment by promoters backed by the infusion of funds: During FY22, "
BIJA AGRIFRESH PRIVATE LIMITED,pr-Bija-Agrifresh-4apr24.pdf,Adequate,5.0,  Liquidity – Adequate 
BILT GRAPHIC PAPER PRODUCTS LIMITED,pr-BILT-GraphicPaper-5apr24.pdf,Stretched,5.0,  Liquidity: Stretched 
BINDALS PAPERS MILLS LIMITED,pr-Bindals-PapersMills-1apr24.pdf,Adequate,4.0,  Liquidity – Adequate 
BLISS GVS PHARMA LIMITED,pr-BGPL-7apr23.pdf,Strong,5.0,  Liquidity – Strong 
BLUE OCEAN BEVERAGES PRIVATE LIMITED,pr-BlueOcean-Beverages-26mar24.pdf,Adequate,4.0,  Liquidity – Adequate 
BOGMALLO ENTERPRISES PRIVATE LIMITED,pr-bogmallo-enterprises-25jul23.pdf,Adequate,4.0,  Liquidity – Adequate 
BR STEEL & POWER PRIVATE LIMITED,pr-br-steel-power-14jul23.pdf,Adequate,3.0,  Liquidity – Adequate 
BRIGHT PACKAGING PRIVATE LIMITED,pr-Bright-Packaging-28may24.pdf,Liquidity Position is not detected,,
BUTTAR BIOFUELS PRIVATE LIMITED,pr-Buttar-Biofuel-13oct23.pdf,Adequate,3.0,  Liquidity – Adequate 
BVG INDIA LIMITED,pr-BVG-India-6feb24.pdf,Strong,4.0,  Liquidity – Strong 
BVISHAL OIL AND ENERGY LIMITED,pr-Bvishal-OilEnergy-28mar24.pdf,Adequate,4.0,  Liquidity – Adequate 
C B M INDUSTRIE PRIVATE LIMITED,pr-CBM-Industrie-21mar24.pdf,Strong,2.0,"Any significant rise in working capital intensity or unplanned capex leading to a  deterioration in the liquidity position    List of Key Rating Drivers with Detailed Description  Key Rating Strengths  •  Experienced promoters  Both the directors of the company, Mr. Ravinder Nath Hassija and Mr. Dharam Vir Hassija  have long experience and have established themselves in the industry. The promoters  have a strong understanding of local market dynamics. Long experience of promoters "
C B S PUBLISHERS AND DISTRIBUTORS PRIVATE LIMITED,pr-CBS-Publishers-13sep23.pdf,Adequate,3.0,  Liquidity – Adequate 
C P ARORA ENGINEERS CONTRACTORS PRIVATE LIMITED,pr-CPArora-28mar24.pdf,Stretched,1.0,The rating downgrade of CAECPL is on account of moderation of risk profile of the company  leading to stretched liquidity. The rating continues to draw comfort from experienced 
C. S. INFRACONSTRUCTION LIMITED,pr-CS-Infraconstruction-16jan24.pdf,Adequate,3.0,Policy of default recognition  Liquidity: Adequate 
CALIBER MERCANTILE PRIVATE LIMITED,pr-Caliber-Mercantile-30mar24.pdf,Liquidity Position is not detected,,
CAPTAIN POLYPLAST LIMITED,pr-Captain-Polyplast-28mar24.pdf,Adequate,4.0,  Liquidity: Adequate 
CASTORGIRNAR INDUSTRIES PRIVATE LIMITED,pr-Castor-GirnarIndustries-may24.pdf,Adequate,4.0,  Liquidity: Adequate 
CFM ASSET RECONSTRUCTION PRIVATE LIMITED,pr-CFM-Asset-29mar24.pdf,Adequate,5.0,  Liquidity: Adequate 
CHADHA PAPERS LIMITED,pr-Chadha-Papers-10jan24.pdf,Adequate,4.0,  Liquidity – Adequate 
CHAHAL SPINTEX PRIVATE LIMITED,PR-CSPL-05032024.pdf,Adequate,4.0,  Liquidity – Adequate 
CHALLA INFRA PROJECTS PRIVATE LIMITED,pr-Challa-InfraProjects-25may23.pdf,Adequate,4.0,Criteria on assigning rating outlook  Liquidity – Adequate 
CHANAKYA DAIRY PRODUCTS PRIVATE LIMITED,pr-chanakya-dairy-1sept23.pdf,Adequate,4.0,  Liquidity: Adequate  
CHANDAN STEEL LIMITED,PR-Chandan-Steel-7mar24.pdf,Adequate,4.0,  Liquidity – Adequate 
CHANDANPANI PRIVATE LIMITED,pr-Chandanpani-10jan24.pdf,Liquidity Position is not detected,,
CHANDRA HASNI ISPAT PRIVATE LIMITED,pr-chandrahasni-ispat-27sep23.pdf,Adequate,4.0,  Liquidity: Adequate  
CHANDRASHEKHAR EXPORTS PRIVATE LIMITED,pr-Chandrashekhar-Exports-12feb24.pdf,Adequate,4.0,  Liquidity –Adequate 
CHINAR FORGE LIMITED,pr-chinar-forge-7aug23.pdf,Adequate,4.0,Criteria for assigning rating outlook  Liquidity – Adequate 
CHINTPURNI STEEL PRIVATE LIMITED,pr-Chintpurni-Steel-27feb24.pdf,Liquidity Position is not detected,,
CHIRIPAL INDUSTRIES LIMITED,pr-Chiripal-Industries-23jan24.pdf,Adequate,4.0,  Liquidity –Adequate 
CIBI INTERNATIONAL PRIVATE LIMITED,pr-CIBI-International-27sep23.pdf,Adequate,4.0,  Liquidity - Adequate 
CLAIR ENGINEERS PRIVATE LIMITED,pr-Clair-Engineers-16jan24.pdf,Adequate,5.0,  Liquidity: Adequate  
CLEARSYNTH LABS LIMITED,PR-Clearsynth-Labs-14mar2024.pdf,Adequate,3.0,  Liquidity – Adequate 
CLIFTON EXPORT PRIVATE LIMITED,pr-Clifton-Export-24jan24.pdf,Strong,2.0,➢ Any further significant rise in working capital intensity or unplanned capex  leading to further deterioration in the liquidity position.      Detailed Description of Key Rating Drivers    Key Rating Strengths: -    Extensive experience of the promoters in the industry with a long track record of  operations leading to strong position in the industry 
CONCEPT CLOTHING PRIVATE LIMITED,pr-Concept-Clothing-1mar24.pdf,Adequate,3.0,  Liquidity – Adequate  
CONCRETE UDYOG LIMITED,pr-concrete-udyog-1jun23.pdf,Liquidity Position is not detected,,
CORE ENERGY SYSTEMS LIMITED,pr-core-energysystems-20feb24.pdf,Strong,2.0,"Any further deterioration in profitability and/or further deterioration in working capital  cycle leading to deterioration in liquidity and credit profile.    List of Key Rating Drivers with Detailed Description  Key Rating Strengths  Stable revenue growth and order book:  CESL’s consolidated revenue improved on y-o-y basis to Rs.108.24 crore  in FY23 registering  a growth of 72.39%. The growth is driven by steady execution of orders. As per 9MFY24,  CESL has reported revenue of Rs.81.58 crore.  CESL has strong order book of Rs.556 crore (5x of FY23 revenue), which provides strong "
CORE JEWELLERY PRIVATE LIMITED,pr-Core-Jewellery-20may24.pdf,Adequate,4.0,  Liquidity – Adequate 
CREATIVE MINERALS (INDIA) PRIVATE LIMITED,pr-Creative-Minerals-28may2024.pdf,Adequate,4.0,  Liquidity: Adequate 
CRIYAGEN AGRI & BIOTECH PRIVATE LIMITED,pr-criyagen-4mar24.pdf,Strong,2.0,• Moderation in the capital structure with deterioration in overall gearing to over 2x  • Moderation in the liquidity position marked by further elongation in the operating cycle  List of Key Rating Drivers with Detailed Description  Key Rating Strengths  Extensive experience of the promoters  The promoters of “CABPL” have experience of over a decade in the manufacturing of  biochemical fertilizers. The extensive experience of the promoters in the industry has helped  the company in establishing its operational presence in the domestic markets over the years.  Large portfolio of formulations and strong marketing network 
CROPX OVERSEAS PRIVATE LIMITED,pr-ANS-Private-Limited-19jan24.pdf,Adequate,4.0,   Liquidity: Adequate 
CYRIX HEALTHCARE PRIVATE LIMITED,pr-Cyrix-Healthcare-2feb24.pdf,Liquidity Position is not detected,,
DAIRY INDIA PRIVATE LIMITED,pr-Dairy-India-16may24.pdf,Adequate,4.0,  Liquidity –Adequate 
DATA INGENIOUS GLOBAL LIMITED,pr-Data-IngeniousGlobal-29nov23.pdf,Liquidity Position is not detected,,
DAULAT RAM ENGINEERING SERVICES PRIVATE LIMITED,pr-DaulatRam-5dec23.pdf,Stretched,3.0,      Policy on Default Recognition  Liquidity – Stretched 
DAVINDER SANDHU IMPEX PRIVATE LIMITED,pr-Davinder-SandhuImpex-9apr24.pdf,Adequate,3.0,  Liquidity – Adequate 
DC INFOTECH AND COMMUNICATION LIMITED,pr-DC-Infotech-31jan24.pdf,Adequate,4.0,  Liquidity – Adequate 
DCX SYSTEMS LIMITED,pr-DCX-Systems-19feb24.pdf,Adequate,5.0,  Liquidity – Adequate 
DDN SFA LIMITED,pr-DDN-SFA-8may24.pdf,Liquidity Position is not detected,,
DEEP INDIA ENTERPRISES PRIVATE LIMITED,pr-DeepIndia-Enterprises-7may24.pdf,Adequate,4.0,  Liquidity – Adequate 
DEFSYS SOLUTIONS PRIVATE LIMITED,pr-Defsys-Solutions-23may24.pdf,Liquidity Position is not detected,,
DEL TRADE INTERNATIONAL PRIVATE LIMITED,pr-deltrade-1mar24.pdf,Adequate,5.0,  Liquidity – Adequate 
DELTON CABLES LIMITED,pr-Delton-Cables-11oct23.pdf,Adequate,4.0,  Liquidity – Adequate 
DEREWALA INDUSTRIES LIMITED,pr-derewala-industries-7jul23.pdf,Adequate,4.0,  Liquidity – Adequate 
DHWAJA SHARES & SECURITIES PRIVATE LIMITED,pr-Dhwaja-Shares-22dec23.pdf,Liquidity Position is not detected,,
DHWANI POLYPRINTS PRIVATE LIMITED,PR-DPPL-16JAN2024.pdf,Adequate,4.0,Financial Ratios & Interpretation (Non-Financial Sector) Liquidity – Adequate
DIAMOND FOOTCARE UDYOG PRIVATE LIMITED,pr-Diamond-FootcareUdyog-19feb24.pdf,Adequate,4.0,  Liquidity: Adequate 
DISHA INDUSTRIES PRIVATE LIMITED,pr-Disha-Industries-26apr24.pdf,Liquidity Position is not detected,,
DMR BUILDERS PRIVATE LIMITED,pr-DMR-Builders-20mar24.pdf,Adequate,5.0,  Liquidity – Adequate 
DMSON'S METAL PRIVATE LIMITED,pr-DMSONS-Metals-23aug23.pdf,Adequate,4.0,  Liquidity – Adequate 
DODHIA CHEM-TEX PRIVATE LIMITED,PR-Dodhia-Chem-22apr24.pdf,Liquidity Position is not detected,,
DODHIA SYNTHETICS LIMITED,Pr-Dodhia-Synthetics-22apr24.pdf,Liquidity Position is not detected,,
DR.KAMAKSHI MEMORIAL HOSPITAL PRIVATE LIMITED,pr-kamakshi-memorial-31jan24.pdf,Adequate,4.0,  Liquidity – Adequate 
DUGAR POLYMERS LIMITED,pr-Dugar-Polymers-3apr24.pdf,Adequate,5.0,  Liquidity – Adequate 
DYNAMIX CONTRACTORS & BUILDERS PRIVATE LIMITED,pr-Dynamix-Contractors-8jun23.pdf,Adequate,4.0,  Liquidity –Adequate 
E C R BUILDTECH PRIVATE LIMITED,pr-ECR-Buildtech-22aug23.pdf,Stretched,2.0,"•  Manage working capital requirements efficiently with improvement in liquidity position.    Downward Factors  •  Substantial decline in operating income and cash accrual, a stretch in the working capital  cycle driven by pile-up of inventory or stretched receivables, or sizeable capital "
EASTERN INDIA BIOFUELS PRIVATE LIMITED,pr-EasternIndia-Biofuels-27feb24.pdf,Adequate,5.0,      Criteria on complexity  Liquidity – Adequate 
ECE INDUSTRIES LIMITED,pr-ECE-Industries-29mar24.pdf,Adequate,2.0,  Adequate Liquidity position supported by sizeable investment 
ECENTRIC DIGITAL LIMITED,pr-ECentric-Digital-21jun23.pdf,Adequate,3.0,  Liquidity: Adequate 
EKK INFRASTRUCTURE LIMITED,pr-EKK-Infrastructure-10oct23.pdf,Adequate,5.0,  Liquidity – Adequate 
ELECTROFAB INNOVATIONS (INDIA) PRIVATE LIMITED,pr-Electrofab-23may23.pdf,Adequate,3.0,  Liquidity – Adequate 
ELGI RUBBER COMPANY LIMITED,pr-ELGI-RubberCompany-21feb24.pdf,Adequate,4.0,  Liquidity – Adequate 
ENERSHELL ALLOYS & STEEL PRIVATE LIMITED,pr-Enershell-AlloysSteel-6feb24.pdf,Adequate,4.0,  Liquidity – Adequate 
ENEXIO POWER COOLING SOLUTIONS INDIA PRIVATE LIMITED,pr-EnexioPower-30apr24.pdf,Adequate,4.0,   Liquidity – Adequate  
ESS ESS KAY ENGINEERING COMPANY PRIVATE LIMITED,pr-essess-kay-22feb24.pdf,Adequate,3.0,  Liquidity – Adequate 
EVERRENEW ENERGY PRIVATE LIMITED,pr-Everrenew-Energy-1apr24.pdf,Adequate,4.0,  Liquidity – Adequate 
FABLE FOOD PRODUCTS PRIVATE LIMITED,pr-fable-foodproducts-5jul23.pdf,Adequate,4.0,  Liquidity – Adequate 
FABRIMAX ENGINEERING PRIVATE LIMITED,pr-Fabrimax-Engineering-26feb24.pdf,Adequate,5.0,  Liquidity: Adequate  
FABTECH ENGINEERING PRIVATE LIMITED,pr-Fabtech-Engineering-26feb24.pdf,Adequate,5.0,  Liquidity: Adequate  
FARIDABAD STEEL MONGERS PRIVATE LIMITED,pr-Faridabad-SteelMongers-22jan24.pdf,Adequate,3.0,  Liquidity: Adequate 
FARM INDIA IMPEX PRIVATE LIMITED,pr-Farm-India-15may24.pdf,Liquidity Position is not detected,,
FARMGATE AGRO MILCH PRIVATE LIMITED,pr-Farmgate-Agro-18jan24.pdf,Adequate,4.0,  Liquidity: Adequate  
FLOWMORE LIMITED,pr-Flowmore-17oct23.pdf,Adequate,3.0,  Liquidity – Adequate 
FORTPOINT AUTOMOTIVE (CARS) PRIVATE LIMITED (CN),pr-FortPoint-AutomotiveCars-8nov23.pdf,Adequate,4.0,  Liquidity – Adequate 
FORTPOINT AUTOMOTIVE MUMBAI PRIVATE LIMITED,pr-Fortpoint-Automotive-Mumbai-8may24.pdf,Liquidity Position is not detected,,
FORTUNE RICE LIMITED,pr-Fortune-rice-29may24.pdf,Adequate,5.0,  Liquidity: Adequate 
FPL AUTOMOBILES PRIVATE LIMITED,pr-FPL-Automobiles-17jan24.pdf,Adequate,4.0,Financial Ratios & Interpretation (Non-Financial Sector)  Liquidity: Adequate  
FUSION INDUSTRIES LIMITED,pr-Fusion-Industries-14jun23.pdf,Liquidity Position is not detected,,
G B R METALS PRIVATE LIMITED,pr-GBR-Metals-5dec23.pdf,Adequate,3.0,  Liquidity – Adequate 
G-ONE AGRO PRODUCTS LIMITED,pr-G-OneAgro-17may24.pdf,Adequate,3.0,  Comfortable Liquidity and Efficient working capital management   The group’s cash flow from operation also remains adequate. The group is expected to 
GAINUP INDUSTRIES INDIA PRIVATE LIMITED,pr-Gainup-Industries-18jan24.pdf,Adequate,3.0,  Liquidity – Adequate 
GAINUP TECHNOTEK LIMITED,pr-Gainup-Technotek-22may23.pdf,Adequate,3.0,  Liquidity – Adequate 
GAJKESARI STEELS AND ALLOYS PRIVATE LIMITED,pr-Gajkesari-Steel-11oct23.pdf,Adequate,4.0,  Liquidity: Adequate 
GALAXY TRANSMISSIONS PRIVATE LIMITED,pr-Galaxy-Transmission-11jan24.pdf,Adequate,4.0,  Liquidity: Adequate 
GANESH BENZOPLAST LIMITED,pr-Ganesh-Benzoplast-24apr24.pdf,Adequate,4.0,  Liquidity – Adequate 
GANGA ROLLER FLOUR MILLS PRIVATE LIMITED,PR-Ganga-Roller-13032024.pdf,Adequate,4.0,  Liquidity – Adequate 
GANGES INTERNATIONALE PRIVATE LIMITED,pr-Ganges-Internationale-30apr24.pdf,Adequate,4.0,  Liquidity – Adequate 
GARDEN COURT DISTILLERIES PRIVATE LIMITED,pr-GardenCourt-3may23.pdf,Strong,2.0,"Any significant decline in the scale of operations and/or the EBITDA margin,  leading to deterioration in the credit metrics and/or the liquidity.     List of Key Rating Drivers with Detailed Description    Key Rating Strengths  Long Operational Track Record; Experienced Management  GCDPL has an operating record of over three decades in the industry. This has  enabled Company to establish strong relationships with various counterparties – "
GAUTAM SOLAR PRIVATE LIMITED,pr-Gautam-Solar-15may24.pdf,Adequate,4.0,  Liquidity: Adequate 
GEMINI EQUIPMENT AND RENTALS PRIVATE LIMITED,pr-Gemini-Equipment-10jan24.pdf,Adequate,5.0,  Liquidity – Adequate 
GHANARAM INFRAENGINEERS PRIVATE LIMITED,pr-Ghanram-Infraengineers-29mar24.pdf,Adequate,4.0,  Liquidity – Adequate 
GIRIRAJ EXIM PRIVATE LIMITED,pr-Giriraj-Exim-18mar24.pdf,Liquidity Position is not detected,,
GIRRAJJI STONE CRUSHERS PRIVATE LIMITED,pr-GirrajJi-StoneCrushers-30apr24.pdf,Adequate,5.0,  Liquidity – Adequate 
GKR INFRACON (INDIA) PRIVATE LIMITED,pr-GKR-Infracon-22may24.pdf,Adequate,2.0,Criteria on complexity  Liquidity: Unable to comment due to lack of adequate information.  
GLOBAL ISPAAT PRIVATE LIMITED,pr-Global-Ispaat-12sep23.pdf,Adequate,4.0,  Liquidity – Adequate 
GLOBE MOBILITY PRIVATE LIMITED,PR-Globe-Mobillity-15032024.pdf,Liquidity Position is not detected,,
GMR POWER AND URBAN INFRA LIMITED,pr-GMRPower-30may24.pdf,Stretched,5.0,  Liquidity – Stretched 
GMR VARALAKSHMI FOUNDATION,pr-GMR-Varalakshmi-2jan24.pdf,Adequate,4.0,  Liquidity –Adequate 
GOLKUNDA DIAMONDS AND JEWELLERY LIMITED,pr-Golkunda-Diamonds-12feb24.pdf,Stretched,2.0,•  Improvement in working capital management with improvement in liquidity   Downward Factors  •  Moderation in operating income and/or profitability and cash accrual impacting the debt  protection metrics on a sustained basis   •  Any increase in debt levels leading to an increase in the gearing levels   •  Stretch in the working capital cycle driven by pile-up of inventory or stretched 
GTN ENTERPRISES LIMITED,pr-GTN-Enterprises-24may24.pdf,Adequate,4.0,  Liquidity – Adequate 
GUGAN KNITWEARS PRIVATE LIMITED,pr-Gugan-Knitwears-27sep23.pdf,Adequate,4.0,  Liquidity - Adequate 
GULZAR MOTORS PRIVATE LIMITED,pr-Gulzar-Motors-29mar24.pdf,Adequate,4.0,  Liquidity –Adequate 
GVR INFRACONSTRUCTIONS INDIA PRIVATE LIMITED,PR-GVR-Infraconstructions-13032024.pdf,Adequate,4.0,  Liquidity – Adequate 
H D WIRE PRIVATE LIMITED,pr-HD-Wire-24apr24.pdf,Adequate,5.0,Criteria on complexity  Liquidity: Adequate 
H S MEHTA INFRA PRIVATE LIMITED,pr-HS-Mehta-5feb24.pdf,Adequate,2.0,"Any decline in scale of operations and/or profitability leading to sustained  deterioration of liquidity and/or debt protection parameters.  •  Moderation in the liquidity position with elongation in its operating cycle.    List of Key Rating Drivers with Detailed Description  Key Rating Strengths  •  Healthy order book reflecting satisfactory revenue visibility  HSMIPL order book stood at around Rs. 350.90 crore as on December 31, 2023, i.e.,  1.83x of its FY23 total operating income (i.e., Rs.191.34 crore) which provides adequate "
HANSA TUBES PRIVATE LIMITED,pr-HansaTubes-5oct23.pdf,Liquidity Position is not detected,,
HARDIK AGRITRADE PRIVATE LIMITED,pr-Hardik-Agritrade-13nov23.pdf,Adequate,4.0,  Liquidity – Adequate 
HARTEK POWER PRIVATE LIMITED,pr-Hartek-Power-22feb24.pdf,Adequate,4.0,  Liquidity: Adequate 
HASSAN ROAD CONSTRUCTION COMPANY PRIVATE LIMITED,pr-hassanroad-11jul23.pdf,Liquidity Position is not detected,,
HEAVY METAL AND TUBES (INDIA) PRIVATE LIMITED,pr-HeavyMetal-Tubes-11dec23.pdf,Adequate,4.0,  Liquidity – Adequate 
HEMEE INTERNATIONAL PRIVATE LIMITED,pr-hemee-28aug23.pdf,Adequate,4.0,  Liquidity –Adequate 
HFCL LIMITED,pr-HFCL-Limited-6feb24.pdf,Adequate,4.0,  Liquidity - Adequate 
HIND UNITRADE PRIVATE LIMITED,pr-Hind-Unitrade-13feb24.pdf,Adequate,5.0,  Liquidity – Adequate 
HINDUPUR STEEL & ALLOYS PRIVATE LIMITED,pr-Hindupur-Steel-Alloys-11jul23.pdf,Adequate,5.0,Financial Ratios & Interpretation (Non-Financial Sector)  Liquidity – Adequate 
HINDUSTAN COILS LIMITED,pr-Hindustan-Coils-8jan24.pdf,Strong,2.0,•  Any time or cost overrun in ongoing capex impacting the liquidity   •  Moderation in liquidity position  List of Key Rating Drivers with Detailed Description  Key Rating Strengths  •  Parentage of the Agrasen group and strong support from group synergy 
HINDUSTAN EQUIPMENTS PRIVATE LIMITED,pr-Hindustan-Equipments-12sep23.pdf,Adequate,4.0,  Liquidity –Adequate 
HINDUSTAN MINT AND AGRO PRODUCTS PRIVATE LIMITED,pr-HindustanMint-Agroproducts-22mar24.pdf,Adequate,1.0,"decline in scale of operations, comfortable capital structure and moderate debt coverage  indicators, and adequate liquidity. The ratings however remained constrained on account of "
HINDUSTAN RASAYAN PRIVATE LIMITED,pr-Hindustan-Rasayan-03may24.pdf,Stretched,3.0,  Liquidity: Stretched 
HINDUSTHAN LOHA LIMITED,pr-Hindusthan-Loha-8jan24.pdf,Strong,2.0,•  Moderation in liquidity  List of Key Rating Drivers with Detailed Description  Key Rating Strengths  •  Parentage of the Agrasen group and strong support from group synergy 
HIRA AUTOMOBILES LIMITED,pr-Hira-Automobiles-16feb24.pdf,Stretched,4.0,  Liquidity – Stretched 
HRMM AGRO OVERSEAS PRIVATE LIMITED,pr-HRMM-Agro-3apr24.pdf,Adequate,2.0,"Financial risk profile of the company has been satisfactory over the years marked by  comfortable leverage ratios, satisfactory debt coverage ratio and adequate liquidity. Leverage "
HTL ISPAT PRIVATE LIMITED,pr-Mohit-Ispat-5dec23.pdf,Liquidity Position is not detected,,
HYFUN AGRILINK PRIVATE LIMITED,pr-HAPL-25oct23.pdf,Adequate,4.0,Private Limited (HAPL) and moral obligations by way of 100% shareholding in the Company.   Liquidity – Adequate 
HYT ENGINEERING COMPANY PRIVATE LIMITED,pr-HYT-Engineering-1dec23.pdf,Strong,1.0,"The Negative outlook assigned to the bank facilities of HYT Engineering Company Private  Limited (HECPL) considers the high working capital cycle along with sporadic liquidity issues.  The ratings, however, derive comfort from the fact that the company is an established player  with extensive experience of the promoter in turnkey projects, significantly improved financial  performance in FY23, strong order book position providing medium term revenue visibility with "
IA HYDRO ENERGY PRIVATE LIMITED,pr-IA-HydroEnergy-5june24.pdf,Adequate,4.0,  Liquidity – Adequate 
IBC KNOWLEDGE PARK PRIVATE LIMITED,pr-IBC-KnowledgePark-25apr2024.pdf,Strong,4.0,and Debt infusion. Any adverse performance/development in group companies can impact the  surplus liquidity position of the IBCKPPL as it has a strong moral obligation towards them.  
IBIS SMART MARBLE PRIVATE LIMITED,pr-IBIS-SmartMarble-3nov23.pdf,Adequate,4.0,  Liquidity – Adequate 
INBREW BEVERAGES PRIVATE LIMITED,pr-Inbrew-Beverages-14feb24.pdf,Stretched,4.0,  Liquidity – Stretched 
INDEPENDENT RESOURCES INDIA PRIVATE LIMITED,pr-Independent-Resources-24apr2024.pdf,Liquidity Position is not detected,,
INDERMANI MINERAL INDIA PRIVATE LIMITED,pr-Indermani-Mineral-4apr24.pdf,Adequate,4.0,Criteria on complexity  Liquidity Position: Adequate 
INDIAN PRODUCTS PRIVATE LIMITED,pr-Indian-Products-18jan24.pdf,Adequate,4.0,  Liquidity – Adequate 
INDIAN SUCROSE LIMITED,pr-Indian-Sucrose-23feb2024.pdf,Liquidity Position is not detected,,
INDO FARM EQUIPMENT LIMITED,pr-IndoFarm-Equipment-12jun23.pdf,Adequate,5.0,  Liquidity – Adequate 
INDO GERMAN INTERNATIONAL PRIVATE LIMITED,pr-NV-International-28feb24.pdf,Strong,2.0,"stretched receivables, or sizeable capital expenditure affecting the financial risk  profile, particularly liquidity.  •  Deterioration in overall gearing to over 2.00x and interest coverage to below 1.5x    List of Key Rating Drivers with Detailed Description    Key Rating Strengths  Parentage of the NV group and strong support from group synergy "
INDRAPRASTH FOODS LIMITED,pr-indraprastha-foods-8aug23.pdf,Liquidity Position is not detected,,
INDRESHWAR SUGAR MILLS LIMITED,pr-Indreshwar-SugarMills-19oct23.pdf,Liquidity Position is not detected,,
INNOVATORS FACADE SYSTEMS LIMITED,pr-Innovators-Facade-29apr24.pdf,Adequate,3.0,  Liquidity – Adequate 
INTACT TRANSPORT PRIVATE LIMITED,pr-Intact-Transport-15feb24.pdf,Stretched,1.0,•  Deterioration in debt protection indicators leading to stretched liquidity. 
ISHAN INFOTECH LIMITED,pr-Ishan-Infotech-15may24.pdf,Liquidity Position is not detected,,
ISHAN NETSOL PRIVATE LIMITED,pr-Ishan-Netsol-15may24.pdf,Liquidity Position is not detected,,
J G SPINNING MILLS PRIVATE LIMITED,pr-JG-Spinning-26jun23.pdf,Adequate,4.0,  Liquidity – Adequate 
J M MHATRE INFRA PRIVATE LIMITED,pr-JM-MhatreInfra-28mar24.pdf,Adequate,5.0,  Liquidity: Adequate 
J P SORTEX PRIVATE LIMITED,pr-JP-Sortex-5jan24.pdf,Liquidity Position is not detected,,
JAGUAR OVERSEAS LIMITED,pr-Jaguar-Overseas-13jun23.pdf,Liquidity Position is not detected,,
JAI AMBEY ROADLINES PRIVATE LIMITED,pr-JaiAmbey-Roadlines-26apr24.pdf,Adequate,3.0,executed orders. Majority of the orders are expected to be completed in 2025 – 2026 ensuring  medium term liquidity to JARPL.    Adequate Financial Risk Profile 
JAILAXMI CASTING AND ALLOYS PRIVATE LIMITED,pr-Jailaxmi-Casting-14dec23.pdf,Adequate,4.0,  Liquidity – Adequate 
JALARAM AGRIEXPORTS LIMITED,pr-Jalaram-Agri-exports-10may24.pdf,Strong,2.0,"receivables or sizeable unplanned capital expenditure affecting the financial  risk profile, particularly liquidity.  List of Key Rating Drivers with Detailed Description  Key Rating Strengths  Experienced promoters  The promoter, Mr Vinaykantbhai H. Kotecha has been associated with the business since  inception and Mr. Hiren Kumar V. Kotecha has over 22 years of experience in handling the  business.  Extensive experience of the promoter underpins the business risk profile of the  company and supports it to develop established relationship with its customers. Further, the  promoters are well supported by an experienced team of professionals. Such a long presence  in the industry has helped the company to establish strong relationships with several UAE, "
JAMMU PIGMENTS LIMITED,pr-Jammu-Pigments-20mar24.pdf,Adequate,4.0,  Liquidity – Adequate 
JANKI NEWSPRINT PRIVATE LIMITED,pr-janki-newsprint-10jul23.pdf,Adequate,4.0,  Liquidity – Adequate 
JAY JAGDAMBA FORGINGS PRIVATE LIMITED,pr-JJFPL-29aug23.pdf,Adequate,4.0,  Liquidity – Adequate 
JAY JAGDAMBA LIMITED,pr-JJL-29aug23.pdf,Adequate,4.0,  Liquidity – Adequate 
JAY JAGDAMBA PROFILE PRIVATE LIMITED,pr-JJPPL-29aug23.pdf,Adequate,4.0,  Liquidity – Adequate 
JAYANTISUPER CONSTRUCTION PRIVATE LIMITED,pr-Jayanti-SuperConstruction-10may24.pdf,Liquidity Position is not detected,,
JAYPEE CAPITAL SERVICES LIMITED,pr-Jaypee-Capital-18oct23.pdf,Adequate,3.0,  Liquidity: Adequate  
JCL INFRA PRIVATE LIMITED,pr-JCL-Infra-10jan24.pdf,Adequate,5.0,  Liquidity – Adequate 
JEYENKAY PETROGELS PRIVATE LIMITED,pr-Jeyenkay-Petrogels-9may24.pdf,Adequate,5.0,  Liquidity –Adequate 
JIJAU CONSTRUCTIONS ROAD BUILDER PRIVATE LIMITED,pr-Jijau-Constructions-24apr24.pdf,Stretched,2.0,•  Stretched receivables position impacting the liquidity position of the company 
JITENDRA NEW EV TECH PRIVATE LIMITED,pr-jitendranew-evtech-23jan24.pdf,Adequate,6.0,  Liquidity – Adequate 
JKPL UTILITY PACKAGING SOLUTIONS PRIVATE LIMITED,pr-Manipal-UtilityPackaging-25oct23.pdf,Strong,2.0,metrics.  ➢ Deterioration in liquidity profile of the company.     List of Key Rating Drivers with Detailed Description  Key Rating Strengths  Support from Parent company and strong operational linkages  
JONES FOUNDATIONS PRIVATE LIMITED,pr-jones-foundation-7aug23.pdf,Adequate,3.0,  Liquidity – Adequate 
JR SUPER SPECIALITY HOSPITALS PRIVATE LIMITED,PR-JR-Super-Specialty-06032024.pdf,Adequate,4.0,  Liquidity – Adequate 
JRM FOODS PRIVATE LIMITED,pr-JRMFoods-23feb24.pdf,Liquidity Position is not detected,,
JSR INFRA DEVELOPERS PRIVATE LIMITED,pr-JSRInfra-Developers-12june24.pdf,Adequate,5.0,  Liquidity: Adequate  
K C INDIA LIMITED,pr-KC-India-10jan24.pdf,Adequate,3.0,Policy on default recognition  Liquidity: Adequate 
K M SUGAR MILLS LIMITED,pr-KM-SugarMills-14may24.pdf,Adequate,5.0,Criteria – Complexity Level of Rated Instruments/Facilities  Liquidity: Adequate  
K&R RAIL ENGINEERING LIMITED,pr-KR-Rail-8nov23.pdf,Adequate,4.0,  Liquidity – Adequate 
K. P. WOVEN PRIVATE LIMITED,pr-kp-woven-19dec23.pdf,Adequate,4.0,  Liquidity – Adequate 
K.C.V.R INFRA PROJECTS PRIVATE LIMITED,pr-KCVR-InfraProjects-2apr24.pdf,Liquidity Position is not detected,,
K.K. AGRO TRADE VENTURES PRIVATE LIMITED,pr-KK-AgroTrade-29dec23.pdf,Liquidity Position is not detected,,
K.S. COMMODITIES PRIVATE LIMITED,pr-KS-Commodities-8apr24.pdf,Strong,2.0,•  Elongation in the operating cycle impacting liquidity.  •  Dip in margins and moderation of capital structure.      List of Key Rating Drivers with Detailed Description  Key Rating Strengths  Strong track record of business operations and experienced management 
KALIKA STEEL ALLOYS PRIVATE LIMITED,pr-Kalika-SteelAlloys-29apr24.pdf,Adequate,4.0,  Liquidity – Adequate 
KALPATARUVU SPINNING MILLS PRIVATE LIMITED,pr-Kalpataruvu-SpinningMills-24apr24.pdf,Liquidity Position is not detected,,
KALYAN TOLL INFRASTRUCTURE LIMITED,PR-Kalyan-Toll-13032024.pdf,Liquidity Position is not detected,,
KAMAL TIMBERS INDIA PRIVATE LIMITED,pr-Kamal-Timbers-19dec23.pdf,Adequate,4.0,  Liquidity – Adequate 
KAMCO CHEW FOOD PRIVATE LIMITED,pr-Kamco-ChewFood-6feb24.pdf,Adequate,3.0,  Liquidity – Adequate 
KANODIA GLOBAL PRIVATE LIMITED,pr-Kanodia-Global-2apr24.pdf,Adequate,4.0,  Liquidity – Adequate 
KAPSONS INDUSTRIES PRIVATE LIMITED,pr-Kapsons-Industries-17may24.pdf,Liquidity Position is not detected,,
KARIMGANJ BIOFUELS PRIVATE LIMITED,pr-Karimganj-Biofuels-13oct23.pdf,Adequate,3.0,  Liquidity – Adequate 
KARLE INFRA PRIVATE LIMITED,pr-Karle-Infra-9nov23.pdf,Adequate,5.0,  Liquidity: Adequate 
KB ISPAT PRIVATE LIMITED,pr-Sarthak-Ispat-12dec23.pdf,Adequate,3.0,  Liquidity position: Adequate 
KCC INFRA PRIVATE LIMITED,pr-KCC-Infra-29apr24.pdf,Adequate,4.0,  Liquidity – Adequate 
KESAR PETROPRODUCTS LIMITED,pr-Kesar-Petroproducts-3may24.pdf,Adequate,4.0,  Liquidity: Adequate  
KEVADIYA CONSTRUCTION PRIVATE LIMITED,pr-kcpl-14jul23.pdf,Adequate,6.0,  Liquidity – Adequate 
KGR ENTERPRISES PRIVATE LIMITED,pr-KGR-Enterprises-3oct23.pdf,Liquidity Position is not detected,,
KIRORIMAL KASHIRAM MARKETING AND AGENCIES PRIVATE LIMITED,pr-Kirorimal-Kashiram-27mar24.pdf,Stretched,3.0,to ~ 335 days in FY23 from ~311 days in FY22. Infomerics believes that any further elongation  of working capital cycle might affect the company’s liquidity adversely and will be a key rating  factor.    Stretched capital structure and coverage indicators  
KISANMITRA WAREHOUSING PRIVATE LIMITED,pr-Kisanmitra-Warehousing-18jan24.pdf,Adequate,4.0,  Liquidity – Adequate 
KMC CONSTRUCTIONS LIMITED,pr-KMC-Construction-22jan24.pdf,Adequate,3.0,"interest aggregating to ~Rs.264 crore which is under adjudication. The proceeding of case is  expected to be completed by the end of FY24. However, KMC Group has sufficient liquidity  from the asset monetisation of Thrissur Expressway Ltd to settle the SREI claim of Rs. 264.00  crores if the contingent liability does arise. Infomerics notes that the KMC Group has adequate "
KOHINOOR ROPES PRIVATE LIMITED,pr-Kohinoor-Ropes-18jan24.pdf,Adequate,6.0,  Liquidity: Adequate 
KOTHARI METSOL PRIVATE LIMITED,pr-Kothari-Metsol-20sep23.pdf,Adequate,3.0,  Liquidity – Adequate 
KRISHNA CORPINDIA PRIVATE LIMITED,pr-Krishna-CorpIndia-29mar24.pdf,Adequate,4.0,Criteria on Complexity  Liquidity: Adequate 
KRIVI-TEX PRIVATE LIMITED,pr-KriviTex-4oct23.pdf,Adequate,3.0,  Liquidity: Adequate  
KRUSHNA COTEX PRIVATE LIMITED,pr-Krushna-Cotex-16jun23.pdf,Adequate,4.0,  Liquidity: Adequate  
KUMARAGIRI SPINNERSS PRIVATE LIMITED,pr-Kumaragiri-Spinnerss-26sep23.pdf,Adequate,3.0,Criteria for Assigning Rating Outlook  Liquidity – Adequate 
KUTE SONS DAIRYS LIMITED,pr-KuteSons-Dairys-8jan24.pdf,Liquidity Position is not detected,,
KUTE SONS FRESH DAIRY PRIVATE LIMITED,pr-KuteSons-FreshDairy-8jan24.pdf,Liquidity Position is not detected,,
LAKSHMIJI SUGAR MILLS COMPANY LIMITED,pr-Lakshmiji-SugarMills-15jun23.pdf,Stretched,4.0,  Liquidity – Stretched 
LAKSHMIVEL MILLS PRIVATE LIMITED,pr-Lakshmivel-Mills-27sep23.pdf,Adequate,4.0,  Liquidity - Adequate 
LANDSMILL AGRO PRIVATE LIMITED,pr-LandsMills-Agro-8jan24.pdf,Adequate,4.0,  Liquidity – Adequate 
LAXMIROOP PRIVATE LIMITED,pr-Laxmiroop_-2apr24.pdf,Adequate,5.0,  Liquidity – Adequate 
LEKCON INFRASTRUCTURE PRIVATE LIMITED,pr-lekcon-1aug23.pdf,Adequate,5.0,Financial Ratios & Interpretation (Non- Financial Sector)  Liquidity – Adequate 
LIFE CARE LOGISTIC PRIVATE LIMITED,pr-lifecare-logistics-26jul23.pdf,Adequate,5.0,  Liquidity: Adequate  
LINEN ART PRIVATE LIMITED,pr-Linen-Art-29dec23.pdf,Adequate,4.0,  Liquidity – Adequate 
LION ENGINEERING CONSULTANTS PRIVATE LIMITED,pr-Lion-Engineering-28mmar24.pdf,Adequate,4.0,  Liquidity Position: Adequate 
LION FABRICS PRIVATE LIMITED,pr-LionFabrics-15may24.pdf,Stretched,3.0,  Liquidity – Stretched 
LONGOWALIA YARNS LIMITED,pr-Longowalia-Yarns-29mar24.pdf,Adequate,3.0,  Liquidity – Adequate 
LUCID COLLOIDS LIMITED,pr-Lucid-Colloids-18dec23.pdf,Adequate,4.0,Policy of default recognition  Liquidity: Adequate  
LUCKY GLOBAL PROJECTS PRIVATE LIMITED,pr-Lucky-GlobalProjects-16may23.pdf,Stretched,3.0,"  Liquidity – Streched  Lucky Global Projects Private Limited had negligible GCA in FY22. The company has seen  fluctuating income across the last 3 years. Given the type of business and nature of  transactions, the company is always stretched for cash for its day-to-day operations. The limits "
M B RUBBER PRIVATE LIMITED,PR-27062023-MRRPL.pdf,Liquidity Position is not detected,,
M I A CONSTRUCTION PRIVATE LIMITED,Pr-MIA-Construction-10june24.pdf,Strong,2.0,"• Further elongation of working capital cycle, any decline in the revenue and/or  profitability leading to deterioration in liquidity position and impairment in debt  protection metrics.    List of Key Rating Drivers with Detailed Description  Key Rating Strengths  Experienced promoters   The company is set up under the guidance of Mr. Mohd. Iqbal who has almost 20 years of  experience in civil and infrastructure sector and looks after day to day operations of the  company. Long standing presence of the promoter has helped the company in establishing  strong relationships with suppliers and customers. Moreover, MCPL is managed by qualified "
MAA MAHAMAYA INDUSTRIES LIMITED,pr-Maa-Mahamaya-Industries-7nov23.pdf,Adequate,4.0,  Liquidity –Adequate 
MAASHEETLA VENTURES LIMITED,pr-MaaSheetla-Ventures-2apr24.pdf,Liquidity Position is not detected,,
MAHALAKSHMI SPINTEX PRIVATE LIMITED,pr-Mahalakshmi-Spintex-5apr24.pdf,Liquidity Position is not detected,,
MAHAMANAV ISPAT PRIVATE LIMITED,pr-Mahamanav-Ispat-13may24.pdf,Adequate,5.0,  Liquidity – Adequate 
MAHAMAYA SPONGE IRON PRIVATE LIMITED,pr-Mahamaya-Sponge-Iron-8jan24.pdf,Strong,2.0,•  Any time or cost overrun in ongoing capex impacting the liquidity   •  Moderation in liquidity position  List of Key Rating Drivers with Detailed Description  Key Rating Strengths  •  Parentage of the Agrasen group and strong support from group synergy 
MAHESHWARI LOGISTICS LIMITED,pr-maheshwari-logistics-24jul23.pdf,Adequate,4.0,  Liquidity – Adequate 
MANGALA MARINE EXIM INDIA PRIVATE LIMITED,pr-Mangala-Marine-23feb24.pdf,Adequate,4.0,Criteria of assigning Rating Outlook  Liquidity: Adequate 
MANGALAM GLOBAL ENTERPRISE LIMITED,pr-Mangalam-GlobalEnterprise-30oct23.pdf,Adequate,4.0,  Liquidity- Adequate 
MANGALAM WORLDWIDE LIMITED,pr-Mangalam-Worldwide-30ct23.pdf,Strong,2.0,Any debt funded capex leading to deterioration in the debt protection parameters  and/or the liquidity position of the company    Detailed Description of Key Rating Drivers    Key Rating Strengths  Experienced Promoters of the company  Managalam Worldwide Limited (MWL) is promoted by Mr. Vipin Prakash Mangal who has  experience of more than 35 years. He is a visionary with strong analytical reasoning and 
MANGALORE MINERALS PRIVATE LIMITED,pr-mangalore-minerals-27jul23.pdf,Adequate,4.0,  Liquidity – Adequate 
MANICKAVEL EDIBLE OILS PRIVATE LIMITED,pr-Manickavel-EdibleOils-23jan2024.pdf,Adequate,4.0,  Liquidity – Adequate 
MARAMA BEVERAGES PRIVATE LIMITED,pr-Marama-Beverages-14dec23.pdf,Adequate,4.0,  Liquidity – Adequate 
MARUTI INOX (INDIA) PRIVATE LIMITED,pr-Maruti-Inox-26jun23.pdf,Adequate,3.0,  Liquidity – Adequate 
MARVEL VINYLS LIMITED,pr-Marvel-Vinlys-25jan24.pdf,Adequate,5.0,  Liquidity – Adequate 
MARWADI CHANDARANA INTERMEDIARIES BROKERS PRIVATE LIMITED,pr-Marwadi-Chandarana-21may24.pdf,Adequate,4.0,  Liquidity - Adequate 
MASTER CAPITAL SERVICES LIMITED,pr-Master-CapitalServices-7nov23.pdf,Adequate,4.0,  Liquidity – Adequate 
MATHIYAN CONSTRUCTION PRIVATE LIMITED,pr-Mathiyan-Construction-29dec23.pdf,Strong,2.0,•  Moderation in liquidity position with increase in working capital intensity.    List of Key Rating Drivers with Detailed Description  Key Rating Strengths  Experienced promoters   The company is set up under the guidance of Mr. Rajeev Kumar who has almost 20 years of  experience in the civil and infrastructure sector and looks after day-to-day operations of the  company. Long standing presence of the promoter has helped the company to establish strong 
MATOD INDUSTRIES PRIVATE LIMITED,pr-Matod-Industries-17nov23.pdf,Adequate,3.0,Financial Ratios & Interpretation (Non-Financial Sector)  Liquidity: Adequate  
MATSYODARI STEEL AND ALLOY PRIVATE LIMITED,pr-Matsyodari-16may23.pdf,Adequate,3.0,  Liquidity – Adequate 
MAULI METAL INDUSTRIES PRIVATE LIMITED,pr-MauliMetal-Industries-10nov23.pdf,Adequate,4.0,  Liquidity – Adequate 
MAX VENTURES INVESTMENT HOLDINGS PRIVATE LIMITED,pr-Max-Ventures-2nov22.pdf,Stretched,3.0,  Liquidity – Stretched  
MEGAWIN SWITCHGEAR PRIVATE LIMITED,pr-Megawin-Switchgears-10oct23.pdf,Adequate,5.0,  Liquidity: Adequate 
MELZER CHEMICALS PRIVATE LIMITED,pr-Melzer-Chemicals-28sep23.pdf,Liquidity Position is not detected,,
METAL CARE ALLOYS LIMITED,pr-MetalCare-Alloys-29apr24.pdf,Adequate,4.0,  Liquidity – Adequate 
METAMORPHOSIS ENGITECH INDIA PRIVATE LIMITED,pr-Metamorphosis-Engitech-18jan24.pdf,Adequate,4.0,  Liquidity – Adequate 
METAROLLS ISPAT PRIVATE LIMITED,pr-Metarolls-Ispat-28sep23.pdf,Adequate,4.0,  Liquidity – Adequate 
METRO ECO GREEN RESORTS LIMITED,PR-Metro-Eco-07mar2024.pdf,Strong,2.0,•  Moderation in the liquidity profile.  List of Key Rating Drivers with Detailed Description  Key Rating Strengths  •  Experienced promoters and support of strong established brand 
MI INDUSTRIES (INDIA) PRIVATE LIMITED,pr-asm-industries-11jul23.pdf,Stretched,3.0,  Liquidity: Stretched 
MILESTONE GEARS PRIVATE LIMITED,pr-Milestone-Gears-1mar24.pdf,Adequate,5.0,Criteria on Complexity  Liquidity: Adequate 
MILKFOOD LIMITED,pr-Milkfood-17may2024.pdf,Adequate,3.0,  Liquidity –Adequate 
MIRAJ ENTERTAINMENT LIMITED,pr-miraj-entertainment-8aug23.pdf,Stretched,5.0,  Liquidity – Stretched 
MITTAL PIGMENTS PRIVATE LIMITED,pr-Mittal-Pigment-20mar24.pdf,Adequate,4.0,Criteria for consolidation of companies  Liquidity – Adequate 
MKS CONSTRO-VENTURE PRIVATE LIMITED,pr-MKS-Constro-17may24.pdf,Adequate,4.0,  Liquidity: Adequate  
MODI NATURALS LIMITED,pr-Modi-Naturals-21feb24.pdf,Stretched,5.0,Criteria on complexity  Liquidity: Stretched 
MOHIT DIAMONDS PRIVATE LIMITED,Pr-Mohit-Diamonds-01may24.pdf,Adequate,4.0,  Liquidity – Adequate 
MOHIT INDUSTRIES LIMITED,pr-Mohite-Industries-23nov23.pdf,Strong,2.0,Any further significant rise in working capital intensity or unplanned capex leading to  deterioration in the liquidity position.    List of Key Rating Drivers with Detailed Description  A. Key Rating Strengths    Promoted by well-established Shivaji Mohite Group:  Mohite Industries Limited is the part of Shivaji Mohite Group which have strong presence in 
MOHIT ISPAT PRIVATE LIMITED,pr-Mohit-Ispat-5dec23.pdf,Liquidity Position is not detected,,
MRMC FOODS PRIVATE LIMITED,pr-mrmc-foods-12feb24.pdf,Adequate,5.0,  Liquidity – Adequate 
MULTI INFRATECH PRIVATE LIMITED,pr-Multi-Infratech-20may24.pdf,Adequate,3.0,"  - High operating cycle days impacting the liquidity profile  The operating cycle has stood high at 127 days in FY23, the average collection period stood  at 75 days while the average creditors period stood at 32 days in FY23, signifying that the  company has to make payment to its suppliers early than it received from its customers. Going  forward the company needs to improve its operational efficiency to maintain adequate liquidity "
MULTIURBAN INFRA SERVICES PRIVATE LIMITED,pr-Multiurban-InfraServices-2apr24.pdf,Liquidity Position is not detected,,
N G PROJECTS LIMITED,PR-NGPS-20DEC2023.pdf,Strong,6.0,Policy of default recognition Liquidity: Strong
N J R CONSTRUCTIONS PRIVATE LIMITED,pr-NJR-Constructions-26feb24.pdf,Liquidity Position is not detected,,
N. N. GLOBAL MERCANTILE PRIVATE LIMITED,pr-Global-Mercantile-20mar24.pdf,Liquidity Position is not detected,,
NANDAN TERRY LIMITED,PR-NTL-06032024.pdf,Adequate,5.0,  Liquidity –Adequate 
NARSIMHA IRON & STEEL PRIVATE LIMITED,pr-Narsimha-IronSteel-27feb24.pdf,Liquidity Position is not detected,,
NATUREFRESH INDUSTRIES LIMITED,Pr-Naturefresh-23apr24.pdf,Adequate,3.0,  Comfortable Liquidity and Efficient working capital management   The group’s cash flow from operation also remains adequate. The group is expected to 
NEEPA REAL ESTATES PRIVATE LIMITED,re-neepa-june23.pdf,Adequate,3.0,  Liquidity – Adequate 
NEXO INDUSTRIES PRIVATE LIMITED,pr-Nexo-Industries-4apr24.pdf,Adequate,4.0,      Criteria on complexity  Liquidity – Adequate 
NIKITHA BUILD-TECH PRIVATE LIMITED,pr-Nikitha-BuildTech-18jan24.pdf,Liquidity Position is not detected,,
NILKANTH CONCAST PRIVATE LIMITED,pr-Nilkanth-Concast-21mar24.pdf,Adequate,5.0,  Liquidity - Adequate 
NIMBUS PIPES LIMITED,pr-Nimbus-Pipes-7june23.pdf,Adequate,4.0,  Liquidity – Adequate  
NIROS ISPAT PRIVATE LIMITED,pr-niros-ispat-11jul23.pdf,Adequate,5.0,Financial Ratios & Interpretation (Non-Financial Sector)  Liquidity – Adequate 
NNP CONSTRUCTION PRIVATE LIMITED,pr-NNP-Construction-12dec23.pdf,Adequate,3.0,  Liquidity – Adequate 
NOKHA AGROTECH PRIVATE LIMITED,pr-Nokha-Agrotech-9may24.pdf,Adequate,4.0,  Liquidity: Adequate 
NRP PROJECTS PRIVATE LIMITED,pr-NRP-Projects-31may24.pdf,Adequate,4.0,  Liquidity – Adequate 
NSL CONSTRUCTIONS PRIVATE LIMITED,pr-NSL-Constructions-10may24.pdf,Stretched,2.0,•  Elongation in working capital cycle leading to stretched liquidity and moderation in 
NTC HOLDINGS PRIVATE LIMITED,pr-Max-Ventures-2nov22.pdf,Stretched,3.0,  Liquidity – Stretched  
NUANCE JEWEL PRIVATE LIMITED,pr-NuanceJewel-12may23.pdf,Liquidity Position is not detected,,
NUCON AEROSPACE PRIVATE LIMITED,pr-Nucon-Aerospace-30nov23.pdf,Strong,4.0,"overall working capital cycle days thus remains moderately high. However, advance  payments from customers’ up to 20% can moderate the liquidity stress.    Analytical Approach:  Standalone Approach  Applicable Criteria:  Criteria of assigning rating outlook  Rating methodology for Manufacturing companies  Financial Ratios & Interpretation (Non-Financial Sector)    Liquidity: Strong "
NUMERO UNO CLOTHING LIMITED,pr-Numero-UnoClothing-14may2024.pdf,Adequate,4.0,  Liquidity – Adequate 
NV DISTILLERIES PRIVATE LIMITED,pr-NV-Distilleries-28feb24.pdf,Strong,2.0,"stretched receivables, or sizeable capital expenditure affecting the financial risk  profile, particularly liquidity.  •  Deterioration in overall gearing to over 2.00x and interest coverage to below 1.5x    List of Key Rating Drivers with Detailed Description    Key Rating Strengths  Parentage of the NV group and strong support from group synergy "
NV INTERNATIONAL PRIVATE LIMITED,pr-NV-International-28feb24.pdf,Strong,2.0,"stretched receivables, or sizeable capital expenditure affecting the financial risk  profile, particularly liquidity.  •  Deterioration in overall gearing to over 2.00x and interest coverage to below 1.5x    List of Key Rating Drivers with Detailed Description    Key Rating Strengths  Parentage of the NV group and strong support from group synergy "
OCEAN CONSTRUCTIONS (INDIA) PRIVATE LIMITED,pr-Ocean-Constructions-11jan24.pdf,Strong,2.0,"•  Moderation in liquidity position   List of Key Rating Drivers with Detailed Description  Key Rating Strengths:  •  Experienced promoters   The promoters have more than a decade of experience in the field of civil construction  services for the Government of Karnataka. Benefits derived from the promoters’ experience  along with their strong understanding of construction industry, and healthy relationship with "
OM SHRI SHUBH LABH AGRITECH PRIVATE LIMITED,pr-OmShri-ShubhLabh-21mar24.pdf,Adequate,3.0,  Liquidity – Adequate 
OMKARA ASSETS RECONSTRUCTION PRIVATE LIMITED,pr-omkara-assets-1sep23.pdf,Adequate,4.0,  Liquidity-Adequate 
ONEOTT INTERTAINMENT LIMITED,pr-ONEOTT-Intertainment-27dec23.pdf,Adequate,5.0,  Liquidity – Adequate 
ORBIT RESORTS LIMITED,pr-Orbit-Resorts-2apr24.pdf,Strong,2.0,•  Moderation in the liquidity profile.  List of Key Rating Drivers with Detailed Description  Key Rating Strengths  •  Experienced promoters and support of strong established brand 
ORION SECURITY SOLUTIONS PRIVATE LIMITED,pr-Orion-Security-30nov23.pdf,Adequate,4.0,  Liquidity –Adequate  
OSRM TECH PACK PRIVATE LIMITED,pr-OSRM-TechPack-17aug23.pdf,Adequate,5.0,  Liquidity: Adequate 
P & R INFRAPROJECTS LIMITED,pr-PR-Infraprojects-6dec23.pdf,Adequate,6.0,  Liquidity – Adequate 
P K OVERSEAS PRIVATE LIMITED,pr-ANS-Private-Limited-19jan24.pdf,Adequate,4.0,   Liquidity: Adequate 
P K PHARMATECH PRIVATE LIMITED,pr-PK-Pharmatech-6nov23.pdf,Liquidity Position is not detected,,
PADMAVATI CHAINS PRIVATE LIMITED,pr-Padmavati-Chains-21dec23.pdf,Adequate,4.0,  Liquidity – Adequate 
PAGARIYA OVERSEAS PRIVATE LIMITED,pr-Pagariya-Overseas-11june24.pdf,Adequate,4.0,  Liquidity – Adequate 
PALIWAL SONS DAIRY PRIVATE LIMITED,pr-PaliwalSons-Dairy-7dec23.pdf,Liquidity Position is not detected,,
PANCHAGANGA SEEDS PRIVATE LIMITED,pr-Panchaganga-Seeds-1apr24.pdf,Adequate,3.0,  Liquidity –Adequate 
PARAGON APPAREL PRIVATE LIMITED,pr-Paragon-Apparel-9nov23.pdf,Adequate,4.0,  Liquidity – Adequate 
PARALAM GLOBAL PRIVATE LIMITED,pr-Paralam-Global-7may24.pdf,Adequate,4.0,Criteria – Complexity Level of Rated Instruments/Facilities  Liquidity: Adequate  
PAREKH GADGETS PRIVATE LIMITED,pr-Parekh-Gadgets-25apr24.pdf,Adequate,4.0,  Liquidity – Adequate 
PAREKHPLAST INDIA LIMITED,pr-parekhplast-india-1feb24.pdf,Liquidity Position is not detected,,
PARVATI SWEETNERS AND POWER LIMITED,pr-Parvati-Sweetnerspower-22feb24.pdf,Adequate,4.0,  Liquidity – Adequate 
PASHUPATI LAMINATORS PRIVATE LIMITED,PR-Pashupati-Laminators-11mar2024.pdf,Adequate,4.0,  Liquidity – Adequate 
PASHUPATI POLYTEX PRIVATE LIMITED,PR-Pashupati-Polytex-11mar2024.pdf,Adequate,4.0,  Liquidity – Adequate 
PASSION INDUSTRIES PRIVATE LIMITED,pr-Passion-Industries-13oct23.pdf,Adequate,4.0,  Liquidity – Adequate 
PATCHALA SPINTEX PRIVATE LIMITED,pr-Patchala-Spintex-16jan24.pdf,Adequate,4.0,Policy of default recognition  Liquidity: Adequate 
PAUL MERCHANTS LIMITED,pr-paul-merchants-24jul23.pdf,Adequate,4.0,  Liquidity: Adequate 
PCI INFRAPROJECTS PRIVATE LIMITED,pr-PCI-Infraprojects-31jan24.pdf,Adequate,4.0,  Liquidity: Adequate  
PERFECT MEGASTRUCTURE PRIVATE LIMITED,pr-Perfect-Megastructures-22may24.pdf,Adequate,3.0,  Liquidity – Adequate 
PERMALI WALLACE PRIVATE LIMITED,PR-PWPL-26MAY23.pdf,Adequate,4.0,Criteria for assigning rating outlook Liquidity – Adequate
PHOENIX TECH ZONE PRIVATE LIMITED,pr-phoenix-25aug23.pdf,Liquidity Position is not detected,,
PICCADILY AGRO INDUSTRIES LIMITED,pr-PiccadilyAgro-27mar24.pdf,Liquidity Position is not detected,,
PICCADILY HOTELS PRIVATE LIMITED,pr-Piccadily-Hotels-27mar24.pdf,Adequate,5.0,  Liquidity – Adequate 
PILANIA INDUSTRIES INDIA PRIVATE LIMITED,pr-pilania-industries-23jan24.pdf,Adequate,4.0,  Liquidity – Adequate 
PINNACLE TELE SERVICES PRIVATE LIMITED,pr-Pinnacle-TeleServices-18mar24.pdf,Adequate,3.0,  Liquidity – Adequate 
PIOTEX TEXTECH PRIVATE LIMITED,pr-Piotex-Textech-5feb24.pdf,Adequate,3.0,  Liquidity – Adequate 
PLASTENE INDIA LIMITED,pr-Plastene-India-16may24.pdf,Adequate,7.0,  Liquidity – Adequate 
POOJARA TELECOM PRIVATE LIMITED,pr-Poojara-Telecom-13may24.pdf,Strong,2.0,•  Deterioration in liquidity profile of the company.    List of Key Rating Drivers with Detailed Description  Key Rating Strengths  Experienced Management and Established Track Record of Operation  The company was incorporated by the Poojara family in 2003. The promoters have  long  experience and have an established track record of operation in the business of mobile  phone distribution. Presence of around two decades in mobile retail industry has enabled the  promoters to establish strong presence in the state of Gujarat and expanding in adjacent 
POONAM ROLLER FLOUR MILLS PRIVATE LIMITED,pr-Poonam-Roller-23mar24.pdf,Adequate,4.0,   Liquidity – Adequate 
PRAGATI GLASS & INDUSTRIES PRIVATE LIMITED,PR-Pragati-Glass-15032024.pdf,Adequate,4.0,  Liquidity– Adequate 
PRAKRUTEES INFRA IMPEX INDIA PRIVATE LIMITED,pr-Prakrutees-InfraImpex-14dec23.pdf,Stretched,1.0,"to the Karwar port.  The ratings, however, are constrained by leveraged capital structure, stretched Liquidity, low "
PRATHU GINNING MILL PRIVATE LIMITED,pr-Prathu-GinningMill-17may24.pdf,Adequate,5.0,  Liquidity – Adequate 
PRECA SOLUTIONS INDIA PRIVATE LIMITED,pr-Preca-Solutions-18dec23.pdf,Liquidity Position is not detected,,
PRESSMACH INFRASTRUCTURE PRIVATE LIMITED,pr-Pressmach-Infrastructure-22nov23.pdf,Stretched,3.0,  Liquidity: Stretched 
PRESTO INFO SOLUTIONS PRIVATE LIMITED,pr-Prestoinfo-solutions-5feb24.pdf,Adequate,4.0,  Liquidity – Adequate 
PRIME GOLD INTERNATIONAL LIMITED,pr-primegold-international-25apr24.pdf,Adequate,4.0,  Liquidity: Adequate 
PROMPT ENTERPRISES PRIVATE LIMITED,pr-Prompt-Enterprises-1mar24.pdf,Liquidity Position is not detected,,
PURANIK BUILDERS LIMITED,pr-Puranik-Builders-19feb24.pdf,Liquidity Position is not detected,,
PWDS EXTRUSIONS PRIVATE LIMITED,pr-PWDS-Extrusions-21mar24.pdf,Liquidity Position is not detected,,
QUADGEN WIRELESS SOLUTIONS PRIVATE LIMITED,pr-Quadgen-Wireless-11oct23.pdf,Adequate,4.0,Criteria of assigning Rating Outlook  Liquidity – Adequate 
R.R. CONSTRUCTIONS AND INFRASTRUCTURE INDIA PRIVATE LIMITED,pr-RR-Construction-8aug23.pdf,Adequate,3.0,  Liquidity – Adequate 
RAAJCO SPINNERS PRIVATE LIMITED,pr-Raajco-Spinners-23feb24.pdf,Stretched,4.0,  Liquidity: Stretched 
RAGHAVA CONSTRUCTIONS (INDIA) PRIVATE LIMITED,pr-Raghava-Constructions-29aug23.pdf,Liquidity Position is not detected,,
RAHUL CABLES PRIVATE LIMITED,pr-Rahul-Cables-13oct23.pdf,Adequate,4.0,  Liquidity – Adequate 
RAJ INFRASTRUCTURE DEVELOPMENT (INDIA) PRIVATE LIMITED,pr-Raj-Infrastructure-25apr24.pdf,Liquidity Position is not detected,,
RAJALAKSHMI CARS PRIVATE LIMITED,pr-rajalakshmi-cars-10jul23.pdf,Adequate,3.0,  Liquidity – Adequate 
RAJARAJESHWARE BUILDDCON PRIVATE LIMITED,pr-Rajarajeshware-Buildcon-12jan24.pdf,Liquidity Position is not detected,,
RAJGOR AGRO LIMITED,pr-Rajgor-Agro-9jan2024.pdf,Adequate,5.0,  Liquidity - Adequate 
RAJGOR CASTOR DERIVATIVES LIMITED,pr-RajgorCastor-Derivatives-9jan2024.pdf,Adequate,5.0,  Liquidity - Adequate 
RAJGOR PROTEINS LIMITED,pr-Rajgor-Proteins-9jan2024.pdf,Adequate,5.0,  Liquidity - Adequate 
RAMA INDUSTRIES LIMITED,pr-Rama-Industries-2jan24.pdf,Adequate,4.0,  Liquidity – Adequate 
RAMESWAR UDYOG PRIVATE LIMITED,pr-Rameswar-Udyog-1nov23.pdf,Strong,2.0,"Any debt funded capex leading to deterioration in the debt protection parameters  and/or the liquidity position of the company.    List of Key Rating Drivers with Detailed Description  Key Rating Strengths:  Experienced promoters   Incorporated in 1996, RUPL is promoted by Mr. Harsh Ajitsaria and his family members. Both  the promoters have more than two decades of experience in the industry, which has enabled  strong relationships with various industry players, including suppliers and customers. "
RAMKRISHNA COTSPIN PRIVATE LIMITED,pr-Ramkrishna-Cotspin-10oct23.pdf,Adequate,4.0,  Liquidity – Adequate 
RANA SUGARS LIMITED,pr-rana-sugars-23aug23.pdf,Adequate,4.0,  Liquidity – Adequate 
RANGA PARTICLE BOARD INDUSTRIES PRIVATE LIMITED,pr-RangaParticle-26mar24.pdf,Adequate,3.0,  Liquidity – Adequate 
RASHI STEEL AND POWER LIMITED,pr-Rashi-steel-27sep23.pdf,Strong,3.0,  Liquidity Position: Strong 
RASHIK BIHARI FOOD PRODUCT PRIVATE LIMITED,pr-rashik-bihari-29aug23.pdf,Adequate,2.0,"•  Stretch in operating cycle leading to moderation in liquidity position  List of Key Rating Drivers with Detailed Description  Key Rating Strengths  Experienced promoters  The founding promoter, Mr. Naresh Kumar Agrawal having more than four decades of industry  experience looks after the operations supported by the other promoters who also have long- standing experience in the industry. Adequate business experience of the promoters helps to "
RASHMI SPONGE IRON AND POWER INDUSTRIES PRIVATE LIMITED,pr-Rashmi-Sponge-17jan24.pdf,Adequate,4.0,      Criteria on Default Recognition  Liquidity – Adequate 
RATAN HOUSING DEVELOPMENT LIMITED,pr-RatanHousing-Development-3apr24.pdf,Adequate,4.0,  Liquidity - Adequate 
RATHI INDUSTRIAL CORPORATION PRIVATE LIMITED,pr-Rathi-Industrial-11june24.pdf,Adequate,2.0,"operating/ IVR A Four, ISSUER NOT COOPERATING), based on best available information.  Liquidity: Unable to comment due to lack of adequate information. "
RATNAVEER PRECISION ENGINEERING LIMITED,pr-Ratnaveer-Precision-18jan24.pdf,Adequate,5.0,  Liquidity – Adequate 
RATTHA HOLDING COMPANY PRIVATE LIMITED,pr-RatthaHolding-Company-20mar24.pdf,Adequate,3.0,  Liquidity –Adequate 
RAYALASEEMA INDUSTRIES (INDIA) PRIVATE LIMITED,pr-Rayalaseema-5sep23.pdf,Adequate,4.0,Criteria of assigning rating outlook  Liquidity: Adequate 
RBM INFRACON LIMITED,PR-RBM-Infracon-14032024.pdf,Strong,2.0,"•  Delays in execution of orders and realization of receivables, weakening liquidity.    List of Key Rating Drivers with Detailed Description  Key Rating Strengths  Strong order book leading to strong revenue visibility:  "
RBP ENERGY (INDIA) PRIVATE LIMITED,pr-RBP-Energy-29mar24.pdf,Adequate,4.0,   LIQUIDITY: ADEQUATE 
REGAL FARMFRESH PRIVATE LIMITED,pr-regal-farmfresh-10jul23.pdf,Adequate,4.0,  Liquidity: Adequate  
RELIABLE AUTOTECH PRIVATE LIMITED,pr-Reliable-Autotech-7nov23.pdf,Adequate,4.0,  Liquidity: Adequate 
RELIANCE ASSET RECONSTRUCTION COMPANY LIMITED,pr-RelianceARC-27feb24.pdf,Adequate,4.0,Criteria – Complexity Level of Rated Instruments/Facilities  Liquidity –Adequate 
RENNY STRIPS PRIVATE LIMITED,pr-RennyStrips-3apr24.pdf,Adequate,5.0,  Liquidity: Adequate  
RESPONSIVE INDUSTRIES LIMITED,pr-Responsive-Industries-4dec23.pdf,Adequate,5.0,  Liquidity – Adequate 
RITHWIK PROJECTS PRIVATE LIMITED,pr-Rithwik-Projects-28mar24.pdf,Adequate,4.0,  Liquidity – Adequate 
RITIKA VEGETABLE OIL PRIVATE LIMITED,pr-Ritika-VegetableOil-29nov23.pdf,Liquidity Position is not detected,,
RNV INDUSTRIES PRIVATE LIMITED,pr-RNV-Industries-10apr24.pdf,Adequate,4.0,Criteria on complexity  Liquidity Position: Adequate 
ROCK AND STORM DISTILLARIES PRIVATE LIMITED,pr-RockStorm-Distillaries-21jul23.pdf,Strong,2.0,"  • Deterioration in liquidity position.  List of Key Rating Drivers with Detailed Description  Key Rating Strengths  Experienced promotors  The promoters have experience of over two decades in the liquor business, which has  enabled them to have a strong understanding of the market dynamics. Experience of the "
ROGER INDUSTRIES LIMITED,Pr-Roger-Industries-23apr24.pdf,Liquidity Position is not detected,,
ROYALCARE SUPER SPECIALITY HOSPITAL LIMITED,pr-Royalcare-SuperSpeciality-31oct23.pdf,Adequate,4.0,  Liquidity – Adequate 
RPS INFRA PROJECTS PRIVATE LIMITED,pr-RPS-Infraprojects-2may23.pdf,Adequate,5.0,  Liquidity –Adequate 
RSI STONE WORLD PRIVATE LIMITED,pr-RSI-stoneworld-20jun23.pdf,Adequate,4.0,to awarding authority irrespective of the sale of sand which exposes company to short term  liquidity mismatches.  Analytical Approach: Standalone Approach  Applicable Criteria:  Rating Methodology for Manufacturing Companies  Financial Ratios & Interpretation (Non-financial Sector)  Criteria of assigning rating outlook    Liquidity – Adequate 
RUDRA GLOBAL INFRA PRODUCTS LIMITED,pr-RudraGlobal-InfraProducts-28dec23.pdf,Adequate,5.0,  Liquidity - Adequate 
RUDRA GREEN SHIP RECYCLING PRIVATE LIMITED,re-RudraGreenShip-11jan2024.pdf,Adequate,5.0,  Liquidity: Adequate 
RUSAN PHARMA LIMITED,PR-RPL-12MAY2023.pdf,Strong,2.0,sustained deterioration of liquidity and/or debt protection parameters.  Further elongation in working capital cycle. List of Key Rating Drivers with Detailed Description Key Rating Strengths  Long Operational Track Record; Experienced Management RPL has an operating record of over two decades in pharmaceutical industry. This has enabled the Company to establish strong relationships with various counterparties including
RUSHIL DECOR LIMITED,pr-Rushil-Decor-21sep23.pdf,Adequate,5.0,  Liquidity – Adequate 
S & P FEEDS PRIVATE LIMITED,pr-SP-Feeds-1dec23.pdf,Adequate,3.0,Financial Ratios & Interpretation (Non- Financial Sector)  Liquidity – Adequate 
S K AGROFOOD TECH PRIVATE LIMITED,pr-SK-Agrofood-1nov23.pdf,Adequate,3.0,  Liquidity – Adequate 
S M R PLANTATION PRIVATE LIMITED,PR-SMR-jan24.pdf,Strong,2.0,Any further significant rise in working capital intensity leading to a further deterioration  in the liquidity position.    Detailed Description of Key Rating Drivers  Key Rating Strengths  Established position in manufacturing and sale of surgical gloves and natural rubber:  The group is an established player in the manufacture and sale of surgical gloves and natural  rubber business with a strong presence through a wide distribution network. The group 
S P IRON PRIVATE LIMITED,PR-SPIron-07mar24.pdf,Stretched,3.0,  Liquidity – Stretched 
S V DISTRIBUTORS PRIVATE LIMITED,pr-SV-Distributors-13sep23.pdf,Adequate,4.0,  Liquidity – Adequate 
S.V. ALUEXT PROFILE PRIVATE LIMITED,pr-SV-AluextProfile-15may24.pdf,Adequate,5.0,  Liquidity – Adequate 
S.V.C. PROJECTS PRIVATE LIMITED,pr-SVC-Projects-29dec23.pdf,Stretched,3.0,  Liquidity – Stretched 
SABARI CONSTRUCTIONS TECHNOLOGIES PRIVATE LIMITED,pr-Sabari-Construction-15feb24.pdf,Adequate,5.0,  Liquidity: Adequate  
SADGURU SRI SRI SAKHAR KARKHANA LIMITED,pr-sadguru-3jul23.pdf,Adequate,5.0,  Liquidity – Adequate 
SADHANA NITRO CHEM LIMITED,pr-Sadhana-NitroChem-22jun23.pdf,Adequate,4.0,  Liquidity – Adequate 
SAGAR NUTRIMENTS PRIVATE LIMITED,pr-sagar-nutriments-10jul23.pdf,Adequate,4.0,  Liquidity – Adequate 
SAI COMPUTERS LIMITED,pr-SaiComputers-2mar24.pdf,Adequate,4.0,based limits remained at ~63% during the last twelve months ended Feb 2024 which indicates  adequate liquidity cushion. 
SAKET INFRAPROJECTS PRIVATE LIMITED,pr-saket-infraprojects-12june24.pdf,Adequate,4.0,  Liquidity – Adequate 
SAKTHI FERRO ALLOYS (INDIA) PRIVATE LIMITED,pr-Sakthi-Ferro-25apr24.pdf,Liquidity Position is not detected,,
SAKTHI POULTRY PRIVATE LIMITED,pr-Sakthi-Poultry-5oct23.pdf,Adequate,4.0,  Liquidity – Adequate 
SALASAR BALAJI OVERSEAS PRIVATE LIMITED,pr-Salasar-Balaji-29jun23.pdf,Adequate,4.0,Criteria of Rating Outlook | Infomerics Ratings  Liquidity –Adequate 
SALASAR TECHNO ENGINEERING LIMITED,pr-Salasar-Techno-16jan24.pdf,Liquidity Position is not detected,,
SAMARPAN SYNTHETICS PRIVATE LIMITED,pr-Samarpan-Synthetics-29feb24.pdf,Stretched,4.0,      Criteria on complexity  Liquidity – Stretched 
SAMBANDAM SPINNING MILLS LIMITED,PR-Sambandam-13032024.pdf,Stretched,4.0,  Liquidity – Stretched 
SAMRAT GEMS IMPEX PRIVATE LIMITED,pr-SamratGems-Impex-6nov23.pdf,Stretched,3.0,  Liquidity: Stretched  
SANNVERSE RAILTECH PRIVATE LIMITED,pr-Sannverse-Railtech-10nov23.pdf,Adequate,3.0,  Liquidity – Adequate 
SANSKAR AGRO PROCESSORS PRIVATE LIMITED,pr-Sanskar-AgroProcessors-22dec23.pdf,Adequate,3.0,  Liquidity: Adequate  
SANVIJAY ALLOYS AND POWER LIMITED,pr-Sanvijay-Alloys-01jan24.pdf,Adequate,5.0,  Liquidity: Adequate  
SANVIJAY INFRASTRUCTURES PRIVATE LIMITED,pr-Sanvijay-Infrastructure-22mar24.pdf,Adequate,5.0,  Liquidity: Adequate  
SANVIJAY ROLLING AND ENGINEERING LIMITED,pr-Sanvijay-Rolling-22mar2024.pdf,Adequate,5.0,  Liquidity: Adequate  
SAPPHIRE MEDIA LIMITED,pr-Sapphire-Media-5feb24.pdf,Adequate,5.0,  Liquidity – Adequate 
SARA INTERNATIONAL PRIVATE LIMITED,pr-Sara-International-8feb24.pdf,Adequate,4.0,  Liquidity – Adequate 
SARAVANA SELVARATHNAM RETAIL PRIVATE LIMITED,pr-Saravana-14sep23.pdf,Adequate,4.0,  Liquidity-Adequate 
SARDHANA PAPERS PRIVATE LIMITED,pr-sardhana-papers-8sep23.pdf,Adequate,4.0,Criteria of assigning rating outlook  Liquidity: Adequate 
SARNA CHEMICALS PRIVATE LIMITED,pr-Sarna-Chemicals-27may24.pdf,Strong,4.0,  Liquidity – Strong 
SARTHAK ISPAT PRIVATE LIMITED,pr-Sarthak-Ispat-12dec23.pdf,Adequate,3.0,  Liquidity position: Adequate 
SARVESHWAR FOODS LIMITED,pr-sarveshwar-foods-6feb24.pdf,Adequate,6.0,  Liquidity –Adequate 
SARVESHWAR OVERSEAS LIMITED,pr-sarveshwar-overseas-6feb24.pdf,Adequate,6.0,  Liquidity –Adequate 
SATISH SUGARS LIMITED,pr-Satish-Sugars-18mar24.pdf,Adequate,4.0,  Liquidity – Adequate 
SAVERA AUTO COMPS PRIVATE LIMITED,pr-savera-auto-comps-20jul23.pdf,Liquidity Position is not detected,,
SBL ENERGY LIMITED,PR-SEL-07Mar24.pdf,Adequate,4.0,Criteria on complexity  Liquidity: Adequate 
SHAH AGRI IMPEX PRIVATE LIMITED,pr-ShahAgriImpex-3apr24.pdf,Stretched,4.0,Criteria on complexity  Liquidity: Stretched  
SHAH FOILS LIMITED,pr-ShahFoils-19jan24.pdf,Adequate,4.0,  Liquidity – Adequate 
SHAH NANJI NAGSI EXPORTS PRIVATE LIMITED,pr-ShahNanji-8may23.pdf,Liquidity Position is not detected,,
SHALIMAR CORP LIMITED,PR-Shalimar-Corp-15032024.pdf,Liquidity Position is not detected,,
SHAPOORJI PALLONJI PANDOH TAKOLI HIGHWAY PRIVATE LIMITED,pr-ShapoorjiPallonji-PandohTakoli-29mar24.pdf,Adequate,4.0,  Liquidity: Adequate 
SHARAD CONSTRUCTIONS PRIVATE LIMITED,pr-Sharad-Constructions-30jan24.pdf,Adequate,4.0,  Liquidity-Adequate 
SHARP AGRICOM LIMITED,pr-Sharp-Agricom-1jan24.pdf,Adequate,3.0,  Liquidity – Adequate 
SHIRDI SAI ELECTRICALS LIMITED,pr-ShirdiSai-Electricals-2jan24.pdf,Liquidity Position is not detected,,
SHITAL FIBRES LIMITED,pr-Shital-Fibres-15jan24.pdf,Adequate,4.0,  Liquidity – Adequate 
SHIV KRUPA STEEL & ALLOYS PRIVATE LIMITED,pr-ShivKrupa-SteelAlloys-3jan23.pdf,Adequate,4.0,  Liquidity: Adequate 
SHIVAKRITI INTERNATIONAL LIMITED,pr-Shivakriti-International-13juun23.pdf,Adequate,4.0,Criteria of assigning rating outlook  Liquidity: Adequate 
SHIVALIK BUILDTECH PRIVATE LIMITED,pr-Shivalik-buildtech-11june24.pdf,Adequate,5.0,  Liquidity – Adequate 
SHIVTEX SPINNING PRIVATE LIMITED,pr-Shivtex-4apr24.pdf,Adequate,2.0,information.  Liquidity: Unable to comment due to lack of adequate information. 
SHM SHIPCARE PRIVATE LIMITED,pr-SHM-Shipcare-5june24.pdf,Strong,2.0,and/or any unplanned debt fund led capex leading to deterioration in credit profile and the  liquidity position.    List of Key Rating Drivers with Detailed Description  Key Rating Strengths  Sustained improvement in total operating income and expected to grow further with  strong order book  
SHREE BALAJI ALUMNICAST PRIVATE LIMITED,pr-ShreeBalaji-Alumnicast-14feb2024.pdf,Adequate,4.0,  Liquidity – Adequate 
SHREE BANKE BIHARI ISPAT PRIVATE LIMITED,PR-SBBIPL-30AUG2023.pdf,Strong,2.0," Moderation in liquidity position due to stretch in operating cycle Detailed Description of Key Rating Drivers Key Rating Strengths Experienced promoter & management team The group is being managed by experienced promoters and directors who collectively have a rich experience of more than two decades in the iron and steel industry and is instrumental in the growth and development of the group. Having operated in industry since years now, the management has established a strong network with suppliers and customers. Besides"
SHREE NAKODA ISPAT LIMITED,pr-shree-nakoda-2aug23.pdf,Strong,2.0,"Downward rating factor(s)  ➢ Any decline in revenue and/or profitability impacting the debt protection metrics or liquidity.  ➢ Any major debt funded capex leading to deterioration in capital structure.    Key Rating Drivers with detailed description  Key Rating Strengths  •  Experienced management team:  The company is being managed by experienced directors. Collectively, they have rich  experience in the industry and were instrumental in developing the company. Having operated  in the industry since years now, the management has established a strong network with "
SHREE NAKODA PIPE IMPEX PRIVATE LIMITED,pr-ShreeNakoda-PipeImplex-4apr24.pdf,Adequate,5.0,  Liquidity: Adequate 
SHREE RUPANADHAM STEEL PRIVATE LIMITED,PR-SRSPL-30AUG2023.pdf,Strong,2.0," Moderation in liquidity position due to stretch in operating cycle Detailed Description of Key Rating Drivers Key Rating Strengths Experienced promoter & management team The group is being managed by experienced promoters and directors who collectively have a rich experience of more than two decades in the iron and steel industry and is instrumental in the growth and development of the group. Having operated in industry since years now, the management has established a strong network with suppliers and customers. Besides"
SHREE SHAKTI IRON & ALLOYS PRIVATE LIMITED,pr-ShreeShakti-IronAlloys-8jan24.pdf,Strong,2.0,•  Moderation in liquidity  List of Key Rating Drivers with Detailed Description  Key Rating Strengths  •  Parentage of the Agrasen group and strong support from group synergy 
SHREE TIRUPATI BALAJEE AGRO TRADING COMPANY LIMITED,pr-ShreeTirupati-BalajeeAgro-23feb24.pdf,Stretched,2.0,•  Improvement in the operating cycle leading to improvement in liquidity  Downward Factors  •  Decline in operating income and profitability leading to deterioration in gross cash  accruals  •  Any moderation in the capital structure with deterioration in overall gearing to more  than 2x and moderation in interest coverage to below 2.5x  •  Stretch in the working capital cycle driven by pile-up of inventory or stretched 
SHREE TIRUPATI BALAJEE FIBC LIMITED,pr-ShreeTirupati-BalajeeFIBC-26feb24.pdf,Stretched,2.0,•  Improvement in the operating cycle leading to improvement in liquidity  Downward Factors  •  Decline in operating income and profitability leading to deterioration in gross cash  accruals  •  Any moderation in the capital structure with deterioration in overall gearing to more  than 2x and moderation in interest coverage to below 2.5x  •  Stretch in the working capital cycle driven by pile-up of inventory or stretched 
SHREEM ELECTRIC LIMITED,pr-Shreem-Electric-21may24.pdf,Stretched,4.0,  Liquidity: Stretched 
SHREYAS SORTEX INDUSTRIES PRIVATE LIMITED,pr-Shreyas-SortexIndustries-1apr24.pdf,Adequate,4.0,  Liquidity – Adequate 
SHRI BAJRANG ALLIANCE LIMITED,pr-ShriBajrang-Alliance-10may24.pdf,Adequate,3.0,  Liquidity: Adequate 
SHRI DHANALAKSHMI SPINNTEX PRIVATE LIMITED,pr-Shri-Dhanalakshmi-22sep23.pdf,Adequate,4.0,   Liquidity: Adequate 
SHRI KESHAV CEMENTS AND INFRA LIMITED,pr-ShriKeshav-Cements-12jan24.pdf,Adequate,4.0,  Liquidity – Adequate 
SHRI MAA MARKETING PRIVATE LIMITED,pr-ShriMaa-Marketing-5apr24.pdf,Adequate,5.0,  Liquidity – Adequate 
SHRI RATHNA AKSHAYA ESTATES PRIVATE LIMITED,pr-ShriRathna-Akshaya-19jun23.pdf,Adequate,3.0,"utilization of working capital of the firm for last twelve month remained 95 % for the last month  ended May, 2023. The company had adequate liquidity at 1.39x to meet debt obligation in "
SHRI SWAMI SAMARTH ENGINEERS LIMITED,pr-ShriSwami-Samarth-19mar24.pdf,Adequate,5.0,  Liquidity: Adequate  
SHRI VENKATESH REFINERIES LIMITED,pr-ShriVenkatesh-Refineries-23may24.pdf,Adequate,4.0,  Liquidity –Adequate 
SHRINIWAS SPINTEX INDUSTRIES PRIVATE LIMITED,PR-SSIPL-05OCT2023.pdf,Adequate,4.0,Financial Ratios & Interpretation (Non-Financial Sector) Liquidity – Adequate
SHRUSHTI CONTECH PRIVATE LIMITED,pr-shrushti-contech-8aug23.pdf,Adequate,3.0,Key Rating Weaknesses:  Elongated working capital and adequate liquidity. 
SHUBHAM CHEMICALS AND SOLVENTS LIMITED,pr-ShubhamChemicals-Solvents-27feb24.pdf,Liquidity Position is not detected,,
SHUBHAM K-MART PRIVATE LIMITED,pr-Shubham-KMart-6sep23.pdf,Adequate,5.0,  Liquidity – Adequate 
SIDDHI COTSPIN LIMITED,pr-Siddhi-Cotspin-10apr24.pdf,Adequate,4.0,Criteria on complexity  Liquidity position: Adequate 
SIDDHI INDUSTRIES LIMITED,pr-Siddhi-Industries-21dec23.pdf,Adequate,4.0,  Liquidity – Adequate 
SIDDHI WEAVES PRIVATE LIMITED,pr-Siddhi-Weaves-27mar24.pdf,Adequate,3.0,Criteria on complexity  Liquidity: Adequate  
SIGNET INDUSTRIES LIMITED,pr-Signet-Industries-20may24.pdf,Adequate,1.0,•  To bring the operating cycle to a comfortable level or maintain with adequate liquidity 
SIVADHARSHINI PAPERS PRIVATE LIMITED,pr-Sivadharshini-Papers-22jan24.pdf,Adequate,4.0,  Liquidity – Adequate 
SIVAGURU SPINNING MILLS PRIVATE LIMITED,pr-Sivaguru-SpinningMills-2jan24.pdf,Liquidity Position is not detected,,
SIVANTA SPUNTEX PRIVATE LIMITED,pr-Sivanta-6mar24.pdf,Stretched,5.0,  Liquidity – Stretched 
SKS INFRA PROJECTS PRIVATE LIMITED,pr-SKS-infraprojects-5feb24.pdf,Adequate,3.0,  Liquidity – Adequate 
SKYZ STONES PRIVATE LIMITED,pr-Skyz-Stones-12feb24.pdf,Adequate,3.0,  Liquidity – Adequate 
SNEH POLYMERS PRIVATE LIMITED,pr-Sneh-Polymers-29mar24.pdf,Strong,2.0,"Any significant rise in working capital intensity or unplanned capex leading to any  deterioration in the liquidity position.    Detailed Description of Key Rating Drivers  A. Key Rating Strengths  Experienced Promoters with established track record in the business:  The promoters of the company have been in this business since 2019. Mr. Gaurav Batra and  Mr. Siddhart Jain are the promoters of the company. They have more than a decade of  experience in the manufacturing business of PP fabrics. Also, it has enabled the company to  establish sustained and strong client base locally as well as in export markets.  "
SOBHAYGYA MERCANTILE LIMITED,pr-Sobhaygya-Mercantile-30may23.pdf,Adequate,3.0,Criteria of assigning rating outlook  Liquidity – Adequate 
SP SAI IT PRIVATE LIMITED,pr-SP-SaiIT-16may24.pdf,Adequate,3.0,  Liquidity – Adequate 
SP SUGAR & AGRO PRIVATE LIMITED,pr-SP-Sugar-Agro-31jan24.pdf,Stretched,2.0,•  Improvement in working capital management with improvement in liquidity.  •  Improvement in capital structure with overall gearing ratio to remain below 1.0x on  sustained basis.  Downward factors   •  Moderation in operating income and/or profitability and cash accrual impacting the debt  protection metrics on a sustained basis.   •  Stretch in the working capital cycle driven by pile-up of inventory or stretched 
SPARSH INDUSTRIES PRIVATE LIMITED,pr-Sparsh-Industries-20apr24.pdf,Stretched,1.0,•  Stretched working capital cycle impacting liquidity of the company. 
SPECTRA & STAR CONVERGENCE LIMITED,pr-Spectra-Star-Convergence-12feb24.pdf,Adequate,3.0,  Liquidity –Adequate 
SPONGE ENTERPRISES PRIVATE LIMITED,pr-Sponge-Enterprises-24apr24.pdf,Adequate,3.0,      Criteria on complexity  Liquidity – Adequate 
SPONGE SALES INDIA PRIVATE LIMITED,pr-SpongeSales-8dec23.pdf,Adequate,4.0,Criteria on default Recognition  Liquidity: Adequate 
SPRAY ENGINEERING DEVICES LIMITED,pr-spray-engineering-27sep23.pdf,Adequate,4.0,  Liquidity: Adequate 
SRC COMPANY INFRA PRIVATE LIMITED,pr-SRC-Company-18apr24.pdf,Adequate,4.0,  Liquidity: Adequate 
SREE MURALI MOHANA BOILED AND RAW RICE MILL PRIVATE LIMITED,pr-SreeMurliMohan-Boiledrice-5feb24.pdf,Adequate,4.0,  Liquidity – Adequate 
SREE RENGARAJ ISPAT INDUSTRIES PRIVATE LIMITED,pr-SreeRengaraj-IspatIndustries-30apr24.pdf,Adequate,5.0,  Liquidity: Adequate 
SRI AISHWARYA REFINERY PRIVATE LIMITED,pr-SriAishwarya-30aug23.pdf,Adequate,5.0,  Liquidity – Adequate 
SRI BHAGIRATH TEXTILES LIMITED,pr-SriBhagirath-Textiles-5jan24.pdf,Adequate,5.0,  Liquidity: Adequate  
SRI RAM CABLES PRIVATE LIMITED,pr-SriRam-Cables-23may24.pdf,Adequate,3.0,  Liquidity –Adequate 
SRI SAINATH INDUSTRY PRIVATE LIMITED,pr-Sainath-Industries-3jan24.pdf,Adequate,4.0,  Liquidity: Adequate   
SRI VASUDEVA TEXTILES PRIVATE LIMITED,pr-SriVasudeva-Textiles-20oct23.pdf,Liquidity Position is not detected,,
SRK CONSTRUCTIONS AND PROJECTS PRIVATE LIMITED,pr-srk-constructions-20july23.pdf,Liquidity Position is not detected,,
STANDARD MOTOCORP PRIVATE LIMITED,pr-Standard-Motocorp-27oct23.pdf,Adequate,3.0,Criteria of assigning rating outlook  Liquidity – Adequate 
STARWING DEVELOPERS PRIVATE LIMITED,pr-Starwing-Developers-22mar24.pdf,Adequate,5.0,  Liquidity – Adequate 
STRATEGIC INFRA SERVICES PRIVATE LIMITED,pr-Strategic-InfraServices-16apr24.pdf,Adequate,5.0,  Liquidity: Adequate 
SUBAYA CONSTRUCTIONS COMPANY LIMITED,pr-Subaya-Constructions-13jun23.pdf,Adequate,6.0,Criteria on assigning rating outlook  Liquidity – Adequate 
SUDARSHAN PHARMA INDUSTRIES LIMITED,PR-SPIL-01DEC2023.pdf,Strong,2.0,"Any decline in scale of operations and/or profitability leading to sustained deterioration of liquidity and/or debt protection parameters. Key Rating Drivers with detailed description Key Rating Strengths: Experienced management and established market presence: Sudarshan Pharma Industries Limited (SPIL) is chemicals and pharmaceutical company founded in 2008. With the two decades strong presence, the Company stands in Pharma Market specialization in"
SUDHARMA INFRATECH PRIVATE LIMITED,pr-sudharma-infratech-17aug23.pdf,Adequate,4.0,  Liquidity – Adequate 
SUGEE REALTY & DEVELOPERS (INDIA) PRIVATE LIMITED,PR-Sugee-12032024.pdf,Adequate,5.0,  Liquidity: Adequate 
SUMEET GEMS AND JEWELLERS PRIVATE LIMITED,pr-Sumeet-GemsJewellers-sep23.pdf,Adequate,5.0,  Liquidity – Adequate 
SUMEET SYNFAB INDIA PRIVATE LIMITED,pr-Sumeet-Synfab-6sep23.pdf,Adequate,5.0,  Liquidity – Adequate 
SUNCITY METALS AND TUBES PRIVATE LIMITED,pr-SuncityMetals-Tubes-4mar24.pdf,Strong,2.0,"moderation in the capital structure with moderation in overall gearing ratio to over 1x   • Elongation in the operating cycle leading to moderation in liquidity    List of Key Rating Drivers with Detailed Description  Key Rating Strengths  Experienced promoters  The company was promoted by Mr. Ram Avtar Agarwal, a first-generation entrepreneur.  He  has over four decades of industry experience.  His sons, Mr.  Mahaveer Agarwal, Mr.  Mukesh  Agarwal and Mr.  Harish Agarwal are Directors in the company.  All the Directors have  experience of over two decades in the steel industry. Long standing experience of the  promoters helps in building strong relationships with the customers and suppliers. "
SUNNY INFRAPROJECTS PRIVATE LIMITED,pr-sunny-infraprojects-18sep23.pdf,Adequate,2.0,"Stretch in the working capital cycle driven by stretched receivables impacting the  financial risk profile, particularly liquidity.  List of Key Rating Drivers with Detailed Description  Key Rating Strengths:  •  Experienced promoter   The promoter and one of the directors of the company Mr. Anil Baburao Mendhe holds an  experience of more than three decades in the field of construction industry. He is looking  after the overall business of the company and is ably assisted by other key managerial  personal, who holds an adequate experience in the same field. Further, the support from the "
SUPREME AUTO CARRIER PRIVATE LIMITED,pr-Supreme-AutoCarrier-10may24.pdf,Adequate,4.0,  Liquidity – Adequate 
SURESH INDU LASERS PRIVATE LIMITED,pr-Suresh-InduLasers-29apr24.pdf,Adequate,3.0,  Liquidity –Adequate 
SURYA FERROUS ALLOYS PRIVATE LIMITED,pr-Surya-Ferrous-3jan24.pdf,Adequate,3.0,  Liquidity – Adequate 
SUVARNA SHILPI JEWELLERS PRIVATE LIMITED,pr-Suvarna-ShilpiJewellers-30apr24.pdf,Adequate,4.0,  Liquidity – Adequate 
SVP INDUSTRIES LIMITED,pr-SVP-Industries-1apr24.pdf,Adequate,5.0,  Liquidity – Adequate 
SWARUP ROLLING MILLS PRIVATE LIMITED,pr-Swarup-RollingMills-1mar24.pdf,Adequate,4.0,  Liquidity: Adequate  
SWASTIK PIPE LIMITED,pr-Swastik-Pipe-6may2024.pdf,Adequate,4.0,Criteria – Complexity Level of Rated Instruments/Facilities  Liquidity: Adequate  
SYNERGENE ACTIVE INGREDIENTS PRIVATE LIMITED,pr-Synergene-active-22dec23.pdf,Liquidity Position is not detected,,
T R SAWHNEY AUTOMOBILES PRIVATE LIMITED,pr-TRSawhney-Automobile-19feb24.pdf,Adequate,4.0,Consolidation of companies  Liquidity: Adequate 
T.R. SAWHNEY MOTORS PRIVATE LIMITED,pr-TRSawhney-Motors-19feb24.pdf,Adequate,4.0,Consolidation of companies  Liquidity: Adequate 
TANVI FOODS (INDIA) LIMITED,pr-Tanvi-Foods-24may24.pdf,Liquidity Position is not detected,,
TASSOS CONSTRUCTION PRIVATE LIMITED,pr-Tassos-Construction-12mar24.pdf,Liquidity Position is not detected,,
TEHRI PULP AND PAPER LIMITED,pr-Tehri-PulpPaper-5jan24.pdf,Liquidity Position is not detected,,
THAKUR INFRA PROJECTS PRIVATE LIMITED,PR-TIPL-27OCT2023.pdf,Adequate,6.0,Criteria on Default Recognition Liquidity: Adequate
TI MEDICAL PRIVATE LIMITED,pr-Nayati-Medical-29dec23.pdf,Liquidity Position is not detected,,
TINNA TRADE LIMITED,pr-Tinna-Trade-26sep23.pdf,Adequate,4.0,  Liquidity – Adequate 
TIRUPATI MINERALS PRIVATE LIMITED,pr-Tirupati-Minerals-7feb24.pdf,Adequate,4.0,  Liquidity: Adequate 
TIRUPATI OIL CAKE INDUSTRIES PRIVATE LIMITED,pr-TOCIPL-7nov2023.pdf,Liquidity Position is not detected,,
TIRUPATI TRADELINKS PRIVATE LIMITED,pr-Tirupati-tradelinks-28aug23.pdf,Adequate,4.0,  Liquidity – Adequate 
TITANIUM VITRIFIED PRIVATE LIMITED,pr-titanium-vitrified-31aug23.pdf,Adequate,5.0,  Liquidity – Adequate 
TIWARTA COAL BENEFICIATION LIMITED,pr-Tiwarta-CoalBenefication-26apr24.pdf,Adequate,3.0,       Criteria on complexity  Liquidity: Adequate 
TPS INFRASTRUCTURE LIMITED,pr-TPS-Infrastructure-11dec23.pdf,Strong,2.0,Any further significant rise in working capital intensity or unplanned capex leading to any  deterioration in the liquidity position.     List of Key Rating Drivers with Detailed Description  Key Rating Strengths  Experienced promoters and long track record:   Mr. Virender Oberoi is the Managing Directors in the company and manage day to day  operations. He is graduate in mechanical engineering with more than 30 years of experience in  the field of engineering equipment and environmental control products. With a strong track 
TRACK COMPONENTS LIMITED,pr-Track-Components-12jan23.pdf,Adequate,4.0,  Liquidity- Adequate 
TRIMULA INDUSTRIES LIMITED,pr-Trimula-Industries-24apr24.pdf,Stretched,4.0,  Liquidity - Stretched 
TSR NIRMAAN PRIVATE LIMITED,pr-TSR-Nirmaan-27mar24.pdf,Adequate,5.0,  Liquidity – Adequate 
TULIP COMPRESSION PRIVATE LIMITED,pr-Tulip-Compression-20may24.pdf,Strong,2.0,"•  Further elongation in operating cycle impacting the liquidity position of the company  •  Moderation in the credit profile of the parent company   List of Key Rating Drivers with Detailed Description  Key Rating Strengths  •  Resourceful promoters with long standing business experience  TCPL is a part of Kolkata based Gainwell group and a subsidiary of GCPL which holds  60% stake in TCPL.  GCPL, the flagship company of the group has a strong financial "
TULJABHAVANI PAPER MILLS PRIVATE LIMITED,PR-TPMPL-06032024.pdf,Adequate,4.0,  Liquidity: Adequate  
UBITECH PRIVATE LIMITED,pr-Ubitech-17may24.pdf,Adequate,3.0,Criteria for Assigning Rating Outlook  Liquidity – Adequate 
UCN CABLE NETWORK PRIVATE LIMITED,PR-UCN-Cable-13032024.pdf,Adequate,3.0,  Liquidity – Adequate 
UDIT INFRAWORLD PRIVATE LIMITED,pr-Udit-Infraworld-3apr24.pdf,Strong,3.0,"  Liquidity remained comfortable supported by prudent working capital management:  The current ratio of the company remains comfortable as on March 31, 2023 at 1.28x. The  liquidity of the company expected to remain Strong in the near to medium term in view of "
UNIQUE CHAINS PRIVATE LIMITED,pr-Unique-Chains-5june24.pdf,Adequate,1.0,"The ratings to the bank facilities of Unique Chains Private Limited (UCPL) continue to derive  strength from extensive experience of promoter, adequate liquidity marked with prudent "
UNIQUE ENGINEERS PRIVATE LIMITED,pr-Unique-Engineers-2apr24.pdf,Adequate,4.0,   Liquidity position: Adequate  
UNIQUE INFRAENGINEERING INDIA PRIVATE LIMITED,pr-UIEIPL-20dec23.pdf,Adequate,3.0,  Liquidity – Adequate 
UNIVASTU INDIA LIMITED,pr-Univastu-India-16may24.pdf,Adequate,3.0,  Liquidity – Adequate 
UNIVERSAL EDU-INFRA SERVICES PRIVATE LIMITED,PR-UEISPL-6feb24.pdf.pdf,Adequate,5.0,Consolidation of companies  Liquidity: Adequate  
UNIVERSAL STARCH CHEM ALLIED LIMITED,PR-USCAL-13032024.pdf,Liquidity Position is not detected,,
UTKARSH BARS PRIVATE LIMITED,pr-Utkarsh-Bars-1mar24.pdf,Liquidity Position is not detected,,
UTSSAV CZ GOLD JEWELS LIMITED,pr-Utssav-CZGold-7jun23.pdf,Adequate,4.0,  Liquidity – Adequate 
UTTAM INDUSTRIAL ENGINEERING PRIVATE LIMITED,Pr-UIEPL-22apr24.pdf,Liquidity Position is not detected,,
V-MARC INDIA LIMITED,PR-VMIL-11032024.pdf,Adequate,5.0,  Liquidity –Adequate 
VAHINI IRRIGATION PRIVATE LIMITED,pr-Vahini-Irrigation-28may24.pdf,Strong,2.0,-  Elongation in the operating cycle impacting liquidity.    Detailed Description of Key Rating Drivers    Key Rating Strengths: -  Extensive experience of the promoters in the industry with a long track record of  operations leading to strong position in the industry: 
VAIBHAV GINNING AND SPINNING MILL PRIVATE LIMITED,pr-Vaibhav-Ginning-13sep23.pdf,Adequate,4.0,  Liquidity:  Adequate  
VAJRAM ESTATES PRIVATE LIMITED,pr-Vajram-Estates-28sep23.pdf,Adequate,4.0,  Liquidity - Adequate 
VALUE ADDED FASHION FABRICS PRIVATE LIMITED,pr-ValueAdded-FashionFabrics-26oct23.pdf,Adequate,4.0,   Liquidity: Adequate 
VANDANA GLOBAL LIMITED,pr-Vandana-Global-30mar24.pdf,Adequate,5.0,  Liquidity – Adequate 
VATIKA LIMITED,pr-Vatika-Limited-6feb24.pdf,Liquidity Position is not detected,,
VCM MOTORS AGENCIES PRIVATE LIMITED,Pr-VCM-Motors-23apr24.pdf,Stretched,4.0,  Liquidity – Stretched 
VEDX INTERNATIONAL PRIVATE LIMITED,pr-Vedx-International-21dec23.pdf,Liquidity Position is not detected,,
VEER PLASTICS PRIVATE LIMITED,pr-Veer-Plastics-6may24.pdf,Liquidity Position is not detected,,
VETRIVEL EXPLOSIVES PRIVATE LIMITED,pr-vetrivel-explosives-5jul23.pdf,Adequate,4.0,  Liquidity: Adequate 
VICTORA AUTO PRIVATE LIMITED,pr-Victora-Auto-27dec23.pdf,Strong,4.0,  Liquidity – Strong 
VICTORA AUTOMOTIVE PRIVATE LIMITED,pr-Victora-Automotive-27dec23.pdf,Strong,3.0,  Liquidity – Strong. 
VIDYA INFRABUILT PRIVATE LIMITED,pr-vidya-infrabuilt-31aug23.pdf,Adequate,4.0,  Liquidity – Adequate 
VIJAY KUMAR MISHRA CONSTRUCTION PRIVATE LIMITED,pr-VijayKumar-MishraConstruction-21dec23.pdf,Strong,2.0,"Moderation in the capital structure with moderation in the overall gearing and  liquidity position of the company.  •  Increase in working capital intensity with elongation in its operating cycle.    List of Key Rating Drivers with Detailed Description  Key Rating Strengths  Experienced management and established track records of operations  The promoter of the company, Mr. Vijay Kumar Mishra (Managing Director) have  longstanding experience in executing projects in civil infrastructure, which has enabled  strong relations with customers and suppliers thus strengthening the operational risk profile "
VIJAY TRANSMISSION PRIVATE LIMITED,PR-Vijay-Transmission-15032024.pdf,Adequate,4.0,Criteria on complexity.  Liquidity – Adequate 
VIJAYNEHA POLYMERS PRIVATE LIMITED,pr-Vijayneha-Polymers-26dec23.pdf,Adequate,5.0,  Liquidity – Adequate 
VIKAS LIFECARE LIMITED,pr-Vikas-Lifecare-22feb24.pdf,Stretched,4.0,  Liquidity – Stretched 
VIKAS METALIKS AND ENERGY LIMITED,pr-VikasMetaliks-29may24.pdf,Adequate,4.0,      Criteria on complexity  Liquidity – Adequate 
VIKRAM INFRATECH DEVELOPERS PRIVATE LIMITED,pr-Vikram-Infratech-3may24.pdf,Adequate,4.0,  Liquidity: Adequate 
VIMAL PLAST (INDIA) PRIVATE LIMITED,pr-Vimal-Plast-23jun23.pdf,Stretched,3.0,  Liquidity: Stretched  
VINDESHWARI EXIM PRIVATE LIMITED,pr-Vindeshwari-Exim-25oct23.pdf,Adequate,4.0,  Liquidity – Adequate 
VINEET POLYFAB PRIVATE LIMITED,pr-Vineet-Polyfab-3may24.pdf,Adequate,4.0,  Liquidity – Adequate 
VINSUM AXPRESS INDIA PRIVATE LIMITED,pr-Vinsum-Axpress-27sep23.pdf,Adequate,4.0,Criteria of assigning rating outlook  Liquidity: Adequate 
VIRAJ PROFILES PRIVATE LIMITED,PR-Viraj-Profiles-7mar24.pdf,Adequate,4.0,  Liquidity – Adequate 
VISHVAS POWER ENGINEERING SERVICES PRIVATE LIMITED,pr-VishvasPower-Engineering-13nov23.pdf,Adequate,4.0,  Liquidity–Adequate 
VISHWA SAMUDRA ENGINEERING PRIVATE LIMITED,pr-VishwaSamudra-Engineering-26feb24.pdf,Adequate,5.0,  Liquidity – Adequate 
VISHWA SAMUDRA KANNUR EXPRESSWAY PRIVATE LIMITED,pr-VishwaSamudra-Kannur-20feb24.pdf,Adequate,4.0,  Liquidity – Adequate 
VISHWA SAMUDRA OACHIRA EXPRESSWAY PRIVATE LIMITED,pr-VSOEPL-jun23.pdf,Adequate,4.0,  Liquidity – Adequate 
VIVIID RENEWABLES PRIVATE LIMITED,pr-Viviid-Renewables-19jan24.pdf,Adequate,3.0,  Liquidity – Adequate 
VOORA PROPERTY DEVELOPERS PRIVATE LIMITED,pr-VooraProperty-Developers-6may24.pdf,Adequate,3.0,  Liquidity: Adequate 
VRAJ METALIKS PRIVATE LIMITED,pr-Vraj-metalinks-29mar24.pdf,Adequate,4.0,Criteria on complexity  Liquidity – Adequate 
VRV FOODS LIMITED,pr-VRV-Foods-28jun23.pdf,Liquidity Position is not detected,,
WANBURY LIMITED,pr-Wanbury-22sep23.pdf,Liquidity Position is not detected,,
WOODFIELD SYSTEMS INTERNATIONAL PRIVATE LIMITED,pr-Woodfield-Systems-1dec23.pdf,Adequate,6.0,  Liquidity: Adequate (Consolidated Woodfield Group) 
YEOMAN MARINE SERVICES PRIVATE LIMITED,pr-Yeoman-MarineServices-5apr24.pdf,Adequate,4.0,  Liquidity –Adequate 
YUG INTERNATIONAL PRIVATE LIMITED,pr-Yug-International-17may24.pdf,Liquidity Position is not detected,,
Z V STEELS PRIVATE LIMITED,pr-ZV-Steels-29mar24.pdf,Strong,1.0,"established relationships with reputed suppliers. The rating also factors in its efficient working  capital management, strong debt coverage and adequate liquidity. These strengths are "
ZENITH METAPLAST PRIVATE LIMITED,pr-zenith-metaplast-8aug23.pdf,Adequate,3.0,Criteria for assigning rating outlook  Liquidity – Adequate 
ZIRCON TECHNOLOGIES (INDIA) LIMITED,pr-Zircon-Technologies-22may2023.pdf,Adequate,3.0,  Liquidity – Adequate 
